{
    "nm": "Comp 1",
    "ddd": 0,
    "h": 512,
    "w": 512,
    "meta": {
        "g": "LottieFiles AE 3.1.1"
    },
    "layers": [
        {
            "ty": 4,
            "nm": "▨ Rectangle 20",
            "sr": 1,
            "st": 0,
            "op": 90,
            "ip": 0,
            "hd": false,
            "ddd": 0,
            "bm": 0,
            "hasMask": false,
            "td": 1,
            "ao": 0,
            "ks": {
                "a": {
                    "a": 0,
                    "k": [
                        0,
                        0,
                        0
                    ],
                    "ix": 1
                },
                "s": {
                    "a": 0,
                    "k": [
                        100,
                        100,
                        100
                    ],
                    "ix": 6
                },
                "sk": {
                    "a": 0,
                    "k": 0
                },
                "p": {
                    "a": 0,
                    "k": [
                        256,
                        357,
                        0
                    ],
                    "ix": 2
                },
                "r": {
                    "a": 0,
                    "k": 0,
                    "ix": 10
                },
                "sa": {
                    "a": 0,
                    "k": 0
                },
                "o": {
                    "a": 0,
                    "k": 100,
                    "ix": 11
                }
            },
            "ef": [],
            "shapes": [
                {
                    "ty": "gr",
                    "bm": 0,
                    "hd": false,
                    "mn": "ADBE Vector Group",
                    "nm": "Rectangle 19",
                    "ix": 1,
                    "cix": 2,
                    "np": 2,
                    "it": [
                        {
                            "ty": "rc",
                            "bm": 0,
                            "hd": false,
                            "mn": "ADBE Vector Shape - Rect",
                            "nm": "Rectangle Path 1",
                            "d": 1,
                            "p": {
                                "a": 0,
                                "k": [
                                    0,
                                    0
                                ],
                                "ix": 3
                            },
                            "r": {
                                "a": 0,
                                "k": 0,
                                "ix": 4
                            },
                            "s": {
                                "a": 0,
                                "k": [
                                    512,
                                    184
                                ],
                                "ix": 2
                            }
                        },
                        {
                            "ty": "fl",
                            "bm": 0,
                            "hd": false,
                            "mn": "ADBE Vector Graphic - Fill",
                            "nm": "Fill 1",
                            "c": {
                                "a": 0,
                                "k": [
                                    1,
                                    0.4,
                                    0.6
                                ],
                                "ix": 4
                            },
                            "r": 1,
                            "o": {
                                "a": 0,
                                "k": 100,
                                "ix": 5
                            }
                        },
                        {
                            "ty": "tr",
                            "a": {
                                "a": 0,
                                "k": [
                                    0,
                                    0
                                ],
                                "ix": 1
                            },
                            "s": {
                                "a": 0,
                                "k": [
                                    100,
                                    100
                                ],
                                "ix": 3
                            },
                            "sk": {
                                "a": 0,
                                "k": 0,
                                "ix": 4
                            },
                            "p": {
                                "a": 0,
                                "k": [
                                    0,
                                    0
                                ],
                                "ix": 2
                            },
                            "r": {
                                "a": 0,
                                "k": 0,
                                "ix": 6
                            },
                            "sa": {
                                "a": 0,
                                "k": 0,
                                "ix": 5
                            },
                            "o": {
                                "a": 0,
                                "k": 100,
                                "ix": 7
                            }
                        }
                    ]
                },
                {
                    "ty": "fl",
                    "bm": 0,
                    "hd": false,
                    "mn": "ADBE Vector Graphic - Fill",
                    "nm": "Fill 1",
                    "c": {
                        "a": 0,
                        "k": [
                            1,
                            0,
                            0.3333
                        ],
                        "ix": 4
                    },
                    "r": 1,
                    "o": {
                        "a": 0,
                        "k": 100,
                        "ix": 5
                    }
                }
            ],
            "ind": 1
        },
        {
            "ty": 0,
            "nm": "▽ Group 27",
            "sr": 1,
            "st": 0,
            "op": 90,
            "ip": 0,
            "hd": false,
            "ddd": 0,
            "bm": 0,
            "tt": 1,
            "hasMask": false,
            "ao": 0,
            "ks": {
                "a": {
                    "a": 0,
                    "k": [
                        190,
                        190,
                        0
                    ],
                    "ix": 1
                },
                "s": {
                    "a": 0,
                    "k": [
                        100,
                        100,
                        100
                    ],
                    "ix": 6
                },
                "sk": {
                    "a": 0,
                    "k": 0
                },
                "p": {
                    "a": 0,
                    "k": [
                        256,
                        475,
                        0
                    ],
                    "ix": 2
                },
                "r": {
                    "a": 1,
                    "k": [
                        {
                            "o": {
                                "x": 0.167,
                                "y": 0.167
                            },
                            "i": {
                                "x": 0.833,
                                "y": 0.833
                            },
                            "s": [
                                0
                            ],
                            "t": 0
                        },
                        {
                            "s": [
                                360
                            ],
                            "t": 89
                        }
                    ],
                    "ix": 10
                },
                "sa": {
                    "a": 0,
                    "k": 0
                },
                "o": {
                    "a": 0,
                    "k": 100,
                    "ix": 11
                }
            },
            "ef": [],
            "w": 380,
            "h": 380,
            "refId": "comp_0",
            "ind": 2
        },
        {
            "ty": 4,
            "nm": "Ellipse 19",
            "sr": 1,
            "st": 0,
            "op": 90,
            "ip": 0,
            "hd": false,
            "ddd": 0,
            "bm": 0,
            "hasMask": false,
            "ao": 0,
            "ks": {
                "a": {
                    "a": 0,
                    "k": [
                        0,
                        0,
                        0
                    ],
                    "ix": 1
                },
                "s": {
                    "a": 0,
                    "k": [
                        100,
                        100,
                        100
                    ],
                    "ix": 6
                },
                "sk": {
                    "a": 0,
                    "k": 0
                },
                "p": {
                    "a": 0,
                    "k": [
                        256,
                        160,
                        0
                    ],
                    "ix": 2
                },
                "r": {
                    "a": 0,
                    "k": 0,
                    "ix": 10
                },
                "sa": {
                    "a": 0,
                    "k": 0
                },
                "o": {
                    "a": 0,
                    "k": 100,
                    "ix": 11
                }
            },
            "ef": [],
            "shapes": [
                {
                    "ty": "gr",
                    "bm": 0,
                    "hd": false,
                    "mn": "ADBE Vector Group",
                    "nm": "Ellipse 19",
                    "ix": 1,
                    "cix": 2,
                    "np": 2,
                    "it": [
                        {
                            "ty": "el",
                            "bm": 0,
                            "hd": false,
                            "mn": "ADBE Vector Shape - Ellipse",
                            "nm": "Ellipse Path 1",
                            "d": 1,
                            "p": {
                                "a": 0,
                                "k": [
                                    0,
                                    0
                                ],
                                "ix": 3
                            },
                            "s": {
                                "a": 0,
                                "k": [
                                    170,
                                    170
                                ],
                                "ix": 2
                            }
                        },
                        {
                            "ty": "st",
                            "bm": 0,
                            "hd": false,
                            "mn": "ADBE Vector Graphic - Stroke",
                            "nm": "Stroke 1",
                            "lc": 2,
                            "lj": 1,
                            "ml": 4,
                            "o": {
                                "a": 0,
                                "k": 100,
                                "ix": 4
                            },
                            "w": {
                                "a": 0,
                                "k": 20,
                                "ix": 1
                            },
                            "c": {
                                "a": 0,
                                "k": [
                                    0.4941,
                                    0.1804,
                                    0.9373
                                ],
                                "ix": 3
                            }
                        },
                        {
                            "ty": "tr",
                            "a": {
                                "a": 0,
                                "k": [
                                    0,
                                    0
                                ],
                                "ix": 1
                            },
                            "s": {
                                "a": 0,
                                "k": [
                                    100,
                                    100
                                ],
                                "ix": 3
                            },
                            "sk": {
                                "a": 0,
                                "k": 0,
                                "ix": 4
                            },
                            "p": {
                                "a": 0,
                                "k": [
                                    0,
                                    0
                                ],
                                "ix": 2
                            },
                            "r": {
                                "a": 0,
                                "k": 0,
                                "ix": 6
                            },
                            "sa": {
                                "a": 0,
                                "k": 0,
                                "ix": 5
                            },
                            "o": {
                                "a": 0,
                                "k": 100,
                                "ix": 7
                            }
                        }
                    ]
                }
            ],
            "ind": 3
        }
    ],
    "v": "4.8.0",
    "fr": 30,
    "op": 90,
    "ip": 0,
    "assets": [
        {
            "nm": "",
            "id": "comp_0",
            "layers": [
                {
                    "ty": 4,
                    "nm": "Ellipse 4",
                    "sr": 1,
                    "st": 0,
                    "op": 90,
                    "ip": 0,
                    "hd": false,
                    "ddd": 0,
                    "bm": 0,
                    "hasMask": false,
                    "ao": 0,
                    "ks": {
                        "a": {
                            "a": 0,
                            "k": [
                                0,
                                0,
                                0
                            ],
                            "ix": 1
                        },
                        "s": {
                            "a": 0,
                            "k": [
                                100,
                                100,
                                100
                            ],
                            "ix": 6
                        },
                        "sk": {
                            "a": 0,
                            "k": 0
                        },
                        "p": {
                            "a": 0,
                            "k": [
                                190.5,
                                189.5,
                                0
                            ],
                            "ix": 2
                        },
                        "r": {
                            "a": 0,
                            "k": 0,
                            "ix": 10
                        },
                        "sa": {
                            "a": 0,
                            "k": 0
                        },
                        "o": {
                            "a": 0,
                            "k": 100,
                            "ix": 11
                        }
                    },
                    "ef": [],
                    "shapes": [
                        {
                            "ty": "gr",
                            "bm": 0,
                            "hd": false,
                            "mn": "ADBE Vector Group",
                            "nm": "Ellipse 4",
                            "ix": 1,
                            "cix": 2,
                            "np": 2,
                            "it": [
                                {
                                    "ty": "el",
                                    "bm": 0,
                                    "hd": false,
                                    "mn": "ADBE Vector Shape - Ellipse",
                                    "nm": "Ellipse Path 1",
                                    "d": 1,
                                    "p": {
                                        "a": 0,
                                        "k": [
                                            0,
                                            0
                                        ],
                                        "ix": 3
                                    },
                                    "s": {
                                        "a": 0,
                                        "k": [
                                            205,
                                            205
                                        ],
                                        "ix": 2
                                    }
                                },
                                {
                                    "ty": "st",
                                    "bm": 0,
                                    "hd": false,
                                    "mn": "ADBE Vector Graphic - Stroke",
                                    "nm": "Stroke 1",
                                    "lc": 1,
                                    "lj": 1,
                                    "ml": 4,
                                    "o": {
                                        "a": 0,
                                        "k": 100,
                                        "ix": 4
                                    },
                                    "w": {
                                        "a": 0,
                                        "k": 20,
                                        "ix": 1
                                    },
                                    "c": {
                                        "a": 0,
                                        "k": [
                                            0.4941,
                                            0.1804,
                                            0.9373
                                        ],
                                        "ix": 3
                                    }
                                },
                                {
                                    "ty": "tr",
                                    "a": {
                                        "a": 0,
                                        "k": [
                                            0,
                                            0
                                        ],
                                        "ix": 1
                                    },
                                    "s": {
                                        "a": 0,
                                        "k": [
                                            100,
                                            100
                                        ],
                                        "ix": 3
                                    },
                                    "sk": {
                                        "a": 0,
                                        "k": 0,
                                        "ix": 4
                                    },
                                    "p": {
                                        "a": 0,
                                        "k": [
                                            0,
                                            0
                                        ],
                                        "ix": 2
                                    },
                                    "r": {
                                        "a": 0,
                                        "k": 0,
                                        "ix": 6
                                    },
                                    "sa": {
                                        "a": 0,
                                        "k": 0,
                                        "ix": 5
                                    },
                                    "o": {
                                        "a": 0,
                                        "k": 100,
                                        "ix": 7
                                    }
                                }
                            ]
                        }
                    ],
                    "ind": 1
                },
                {
                    "ty": 4,
                    "nm": "Vector",
                    "sr": 1,
                    "st": 0,
                    "op": 90,
                    "ip": 0,
                    "hd": false,
                    "ddd": 0,
                    "bm": 0,
                    "hasMask": false,
                    "ao": 0,
                    "ks": {
                        "a": {
                            "a": 0,
                            "k": [
                                0,
                                0,
                                0
                            ],
                            "ix": 1
                        },
                        "s": {
                            "a": 0,
                            "k": [
                                92.632,
                                92.632,
                                100
                            ],
                            "ix": 6
                        },
                        "sk": {
                            "a": 0,
                            "k": 0
                        },
                        "p": {
                            "a": 0,
                            "k": [
                                190,
                                190,
                                0
                            ],
                            "ix": 2
                        },
                        "r": {
                            "a": 0,
                            "k": 0,
                            "ix": 10
                        },
                        "sa": {
                            "a": 0,
                            "k": 0
                        },
                        "o": {
                            "a": 0,
                            "k": 100,
                            "ix": 11
                        }
                    },
                    "ef": [],
                    "shapes": [
                        {
                            "ty": "gr",
                            "bm": 0,
                            "hd": false,
                            "mn": "ADBE Vector Group",
                            "nm": "Vector",
                            "ix": 1,
                            "cix": 2,
                            "np": 3,
                            "it": [
                                {
                                    "ty": "sh",
                                    "bm": 0,
                                    "hd": false,
                                    "mn": "ADBE Vector Shape - Group",
                                    "nm": "Path 1",
                                    "ix": 1,
                                    "d": 1,
                                    "ks": {
                                        "a": 0,
                                        "k": {
                                            "c": true,
                                            "i": [
                                                [
                                                    -6.627,
                                                    0
                                                ],
                                                [
                                                    0,
                                                    0
                                                ],
                                                [
                                                    0,
                                                    -6.627
                                                ],
                                                [
                                                    0,
                                                    0
                                                ],
                                                [
                                                    -7.56,
                                                    7.56
                                                ],
                                                [
                                                    0,
                                                    0
                                                ],
                                                [
                                                    -4.686,
                                                    -4.686
                                                ],
                                                [
                                                    0,
                                                    0
                                                ],
                                                [
                                                    4.686,
                                                    -4.686
                                                ],
                                                [
                                                    0,
                                                    0
                                                ],
                                                [
                                                    -10.691,
                                                    0
                                                ],
                                                [
                                                    0,
                                                    0
                                                ],
                                                [
                                                    0,
                                                    -6.627
                                                ],
                                                [
                                                    0,
                                                    0
                                                ],
                                                [
                                                    6.627,
                                                    0
                                                ],
                                                [
                                                    0,
                                                    0
                                                ],
                                                [
                                                    -7.56,
                                                    -7.56
                                                ],
                                                [
                                                    0,
                                                    0
                                                ],
                                                [
                                                    4.686,
                                                    -4.686
                                                ],
                                                [
                                                    0,
                                                    0
                                                ],
                                                [
                                                    4.686,
                                                    4.686
                                                ],
                                                [
                                                    0,
                                                    0
                                                ],
                                                [
                                                    0,
                                                    -10.691
                                                ],
                                                [
                                                    0,
                                                    0
                                                ],
                                                [
                                                    6.627,
                                                    0
                                                ],
                                                [
                                                    0,
                                                    0
                                                ],
                                                [
                                                    0,
                                                    6.627
                                                ],
                                                [
                                                    0,
                                                    0
                                                ],
                                                [
                                                    7.56,
                                                    -7.56
                                                ],
                                                [
                                                    0,
                                                    0
                                                ],
                                                [
                                                    4.686,
                                                    4.686
                                                ],
                                                [
                                                    0,
                                                    0
                                                ],
                                                [
                                                    -4.686,
                                                    4.686
                                                ],
                                                [
                                                    0,
                                                    0
                                                ],
                                                [
                                                    10.691,
                                                    0
                                                ],
                                                [
                                                    0,
                                                    0
                                                ],
                                                [
                                                    0,
                                                    6.627
                                                ],
                                                [
                                                    0,
                                                    0
                                                ],
                                                [
                                                    -6.627,
                                                    0
                                                ],
                                                [
                                                    0,
                                                    0
                                                ],
                                                [
                                                    7.56,
                                                    7.56
                                                ],
                                                [
                                                    0,
                                                    0
                                                ],
                                                [
                                                    -4.686,
                                                    4.686
                                                ],
                                                [
                                                    0,
                                                    0
                                                ],
                                                [
                                                    -4.686,
                                                    -4.686
                                                ],
                                                [
                                                    0,
                                                    0
                                                ],
                                                [
                                                    0,
                                                    10.691
                                                ],
                                                [
                                                    0,
                                                    0
                                                ]
                                            ],
                                            "o": [
                                                [
                                                    0,
                                                    0
                                                ],
                                                [
                                                    6.627,
                                                    0
                                                ],
                                                [
                                                    0,
                                                    0
                                                ],
                                                [
                                                    0,
                                                    10.691
                                                ],
                                                [
                                                    0,
                                                    0
                                                ],
                                                [
                                                    4.686,
                                                    -4.686
                                                ],
                                                [
                                                    0,
                                                    0
                                                ],
                                                [
                                                    4.686,
                                                    4.686
                                                ],
                                                [
                                                    0,
                                                    0
                                                ],
                                                [
                                                    -7.56,
                                                    7.56
                                                ],
                                                [
                                                    0,
                                                    0
                                                ],
                                                [
                                                    6.627,
                                                    0
                                                ],
                                                [
                                                    0,
                                                    0
                                                ],
                                                [
                                                    0,
                                                    6.627
                                                ],
                                                [
                                                    0,
                                                    0
                                                ],
                                                [
                                                    -10.691,
                                                    0
                                                ],
                                                [
                                                    0,
                                                    0
                                                ],
                                                [
                                                    4.686,
                                                    4.686
                                                ],
                                                [
                                                    0,
                                                    0
                                                ],
                                                [
                                                    -4.686,
                                                    4.686
                                                ],
                                                [
                                                    0,
                                                    0
                                                ],
                                                [
                                                    -7.56,
                                                    -7.56
                                                ],
                                                [
                                                    0,
                                                    0
                                                ],
                                                [
                                                    0,
                                                    6.627
                                                ],
                                                [
                                                    0,
                                                    0
                                                ],
                                                [
                                                    -6.627,
                                                    0
                                                ],
                                                [
                                                    0,
                                                    0
                                                ],
                                                [
                                                    0,
                                                    -10.691
                                                ],
                                                [
                                                    0,
                                                    0
                                                ],
                                                [
                                                    -4.686,
                                                    4.686
                                                ],
                                                [
                                                    0,
                                                    0
                                                ],
                                                [
                                                    -4.686,
                                                    -4.686
                                                ],
                                                [
                                                    0,
                                                    0
                                                ],
                                                [
                                                    7.56,
                                                    -7.56
                                                ],
                                                [
                                                    0,
                                                    0
                                                ],
                                                [
                                                    -6.627,
                                                    0
                                                ],
                                                [
                                                    0,
                                                    0
                                                ],
                                                [
                                                    0,
                                                    -6.627
                                                ],
                                                [
                                                    0,
                                                    0
                                                ],
                                                [
                                                    10.691,
                                                    0
                                                ],
                                                [
                                                    0,
                                                    0
                                                ],
                                                [
                                                    -4.686,
                                                    -4.686
                                                ],
                                                [
                                                    0,
                                                    0
                                                ],
                                                [
                                                    4.686,
                                                    -4.686
                                                ],
                                                [
                                                    0,
                                                    0
                                                ],
                                                [
                                                    7.56,
                                                    7.56
                                                ],
                                                [
                                                    0,
                                                    0
                                                ],
                                                [
                                                    0,
                                                    -6.627
                                                ]
                                            ],
                                            "v": [
                                                [
                                                    -38,
                                                    -190
                                                ],
                                                [
                                                    38,
                                                    -190
                                                ],
                                                [
                                                    50,
                                                    -178
                                                ],
                                                [
                                                    50,
                                                    -149.681
                                                ],
                                                [
                                                    70.485,
                                                    -141.196
                                                ],
                                                [
                                                    90.51,
                                                    -161.22
                                                ],
                                                [
                                                    107.48,
                                                    -161.22
                                                ],
                                                [
                                                    161.22,
                                                    -107.48
                                                ],
                                                [
                                                    161.22,
                                                    -90.51
                                                ],
                                                [
                                                    141.196,
                                                    -70.485
                                                ],
                                                [
                                                    149.681,
                                                    -50
                                                ],
                                                [
                                                    178,
                                                    -50
                                                ],
                                                [
                                                    190,
                                                    -38
                                                ],
                                                [
                                                    190,
                                                    38
                                                ],
                                                [
                                                    178,
                                                    50
                                                ],
                                                [
                                                    149.681,
                                                    50
                                                ],
                                                [
                                                    141.196,
                                                    70.485
                                                ],
                                                [
                                                    161.22,
                                                    90.51
                                                ],
                                                [
                                                    161.22,
                                                    107.48
                                                ],
                                                [
                                                    107.48,
                                                    161.22
                                                ],
                                                [
                                                    90.51,
                                                    161.22
                                                ],
                                                [
                                                    70.485,
                                                    141.196
                                                ],
                                                [
                                                    50,
                                                    149.681
                                                ],
                                                [
                                                    50,
                                                    178
                                                ],
                                                [
                                                    38,
                                                    190
                                                ],
                                                [
                                                    -38,
                                                    190
                                                ],
                                                [
                                                    -50,
                                                    178
                                                ],
                                                [
                                                    -50,
                                                    149.681
                                                ],
                                                [
                                                    -70.485,
                                                    141.196
                                                ],
                                                [
                                                    -90.51,
                                                    161.22
                                                ],
                                                [
                                                    -107.48,
                                                    161.22
                                                ],
                                                [
                                                    -161.22,
                                                    107.48
                                                ],
                                                [
                                                    -161.22,
                                                    90.51
                                                ],
                                                [
                                                    -141.196,
                                                    70.485
                                                ],
                                                [
                                                    -149.681,
                                                    50
                                                ],
                                                [
                                                    -178,
                                                    50
                                                ],
                                                [
                                                    -190,
                                                    38
                                                ],
                                                [
                                                    -190,
                                                    -38
                                                ],
                                                [
                                                    -178,
                                                    -50
                                                ],
                                                [
                                                    -149.681,
                                                    -50
                                                ],
                                                [
                                                    -141.196,
                                                    -70.485
                                                ],
                                                [
                                                    -161.22,
                                                    -90.51
                                                ],
                                                [
                                                    -161.22,
                                                    -107.48
                                                ],
                                                [
                                                    -107.48,
                                                    -161.22
                                                ],
                                                [
                                                    -90.51,
                                                    -161.22
                                                ],
                                                [
                                                    -70.485,
                                                    -141.196
                                                ],
                                                [
                                                    -50,
                                                    -149.681
                                                ],
                                                [
                                                    -50,
                                                    -178
                                                ]
                                            ]
                                        },
                                        "ix": 2
                                    }
                                },
                                {
                                    "ty": "rd",
                                    "bm": 0,
                                    "hd": false,
                                    "mn": "ADBE Vector Filter - RC",
                                    "nm": "Round Corners 1",
                                    "ix": 2,
                                    "r": {
                                        "a": 0,
                                        "k": 12,
                                        "ix": 1
                                    }
                                },
                                {
                                    "ty": "st",
                                    "bm": 0,
                                    "hd": false,
                                    "mn": "ADBE Vector Graphic - Stroke",
                                    "nm": "Stroke 1",
                                    "lc": 1,
                                    "lj": 1,
                                    "ml": 4,
                                    "o": {
                                        "a": 0,
                                        "k": 100,
                                        "ix": 4
                                    },
                                    "w": {
                                        "a": 0,
                                        "k": 12,
                                        "ix": 1
                                    },
                                    "c": {
                                        "a": 0,
                                        "k": [
                                            0.667,
                                            0.447,
                                            0.933
                                        ],
                                        "ix": 3
                                    }
                                },
                                {
                                    "ty": "tr",
                                    "a": {
                                        "a": 0,
                                        "k": [
                                            0,
                                            0
                                        ],
                                        "ix": 1
                                    },
                                    "s": {
                                        "a": 0,
                                        "k": [
                                            100,
                                            100
                                        ],
                                        "ix": 3
                                    },
                                    "sk": {
                                        "a": 0,
                                        "k": 0,
                                        "ix": 4
                                    },
                                    "p": {
                                        "a": 0,
                                        "k": [
                                            0,
                                            0
                                        ],
                                        "ix": 2
                                    },
                                    "r": {
                                        "a": 0,
                                        "k": 0,
                                        "ix": 6
                                    },
                                    "sa": {
                                        "a": 0,
                                        "k": 0,
                                        "ix": 5
                                    },
                                    "o": {
                                        "a": 0,
                                        "k": 100,
                                        "ix": 7
                                    }
                                }
                            ]
                        }
                    ],
                    "ind": 2
                }
            ]
        }
    ]
}