{
    "nm": "Comp 1",
    "ddd": 0,
    "h": 512,
    "w": 512,
    "meta": {
        "g": "LottieFiles AE 0.1.20"
    },
    "layers": [
        {
            "ty": 3,
            "nm": "Null 1",
            "sr": 1,
            "st": 0,
            "op": 900,
            "ip": 0,
            "hd": false,
            "ddd": 0,
            "bm": 0,
            "hasMask": false,
            "ao": 0,
            "ks": {
                "a": {
                    "a": 0,
                    "k": [
                        50,
                        50,
                        0
                    ],
                    "ix": 1
                },
                "s": {
                    "a": 0,
                    "k": [
                        109,
                        109,
                        100
                    ],
                    "ix": 6
                },
                "sk": {
                    "a": 0,
                    "k": 0
                },
                "p": {
                    "a": 1,
                    "k": [
                        {
                            "o": {
                                "x": 0.333,
                                "y": 0
                            },
                            "i": {
                                "x": 0.667,
                                "y": 1
                            },
                            "s": [
                                261.25,
                                263,
                                0
                            ],
                            "t": 0,
                            "ti": [
                                0,
                                -2.833,
                                0
                            ],
                            "to": [
                                0,
                                -2.833,
                                0
                            ]
                        },
                        {
                            "o": {
                                "x": 0.333,
                                "y": 0
                            },
                            "i": {
                                "x": 0.667,
                                "y": 1
                            },
                            "s": [
                                261.25,
                                246,
                                0
                            ],
                            "t": 20,
                            "ti": [
                                0,
                                -2.833,
                                0
                            ],
                            "to": [
                                0,
                                2.833,
                                0
                            ]
                        },
                        {
                            "o": {
                                "x": 0.333,
                                "y": 0
                            },
                            "i": {
                                "x": 0.667,
                                "y": 1
                            },
                            "s": [
                                261.25,
                                280,
                                0
                            ],
                            "t": 61,
                            "ti": [
                                0,
                                2.833,
                                0
                            ],
                            "to": [
                                0,
                                2.833,
                                0
                            ]
                        },
                        {
                            "s": [
                                261.25,
                                263,
                                0
                            ],
                            "t": 80
                        }
                    ],
                    "ix": 2
                },
                "r": {
                    "a": 1,
                    "k": [
                        {
                            "o": {
                                "x": 0.167,
                                "y": 0.167
                            },
                            "i": {
                                "x": 0.667,
                                "y": 1
                            },
                            "s": [
                                0
                            ],
                            "t": 0
                        },
                        {
                            "o": {
                                "x": 0.333,
                                "y": 0
                            },
                            "i": {
                                "x": 0.667,
                                "y": 1
                            },
                            "s": [
                                5.197
                            ],
                            "t": 20
                        },
                        {
                            "o": {
                                "x": 0.333,
                                "y": 0
                            },
                            "i": {
                                "x": 0.833,
                                "y": 0.833
                            },
                            "s": [
                                -4.926
                            ],
                            "t": 61
                        },
                        {
                            "s": [
                                0
                            ],
                            "t": 80
                        }
                    ],
                    "ix": 10
                },
                "sa": {
                    "a": 0,
                    "k": 0
                },
                "o": {
                    "a": 0,
                    "k": 0,
                    "ix": 11
                }
            },
            "ef": [],
            "ind": 1
        },
        {
            "ty": 4,
            "nm": "highlight",
            "sr": 1,
            "st": 0,
            "op": 900,
            "ip": 0,
            "hd": false,
            "ddd": 0,
            "bm": 0,
            "hasMask": false,
            "ao": 0,
            "ks": {
                "a": {
                    "a": 0,
                    "k": [
                        95,
                        -98.557,
                        0
                    ],
                    "ix": 1
                },
                "s": {
                    "a": 0,
                    "k": [
                        66.621,
                        66.621,
                        100
                    ],
                    "ix": 6
                },
                "sk": {
                    "a": 0,
                    "k": 0
                },
                "p": {
                    "a": 0,
                    "k": [
                        110.109,
                        -27.022,
                        0
                    ],
                    "ix": 2
                },
                "r": {
                    "a": 0,
                    "k": 0,
                    "ix": 10
                },
                "sa": {
                    "a": 0,
                    "k": 0
                },
                "o": {
                    "a": 0,
                    "k": 100,
                    "ix": 11
                }
            },
            "ef": [],
            "shapes": [
                {
                    "ty": "gr",
                    "bm": 0,
                    "hd": false,
                    "mn": "ADBE Vector Group",
                    "nm": "Rectangle 2",
                    "ix": 1,
                    "cix": 2,
                    "np": 3,
                    "it": [
                        {
                            "ty": "rc",
                            "bm": 0,
                            "hd": false,
                            "mn": "ADBE Vector Shape - Rect",
                            "nm": "Rectangle Path 1",
                            "d": 1,
                            "p": {
                                "a": 0,
                                "k": [
                                    0,
                                    0
                                ],
                                "ix": 3
                            },
                            "r": {
                                "a": 0,
                                "k": 20,
                                "ix": 4
                            },
                            "s": {
                                "a": 0,
                                "k": [
                                    38.75,
                                    21.433
                                ],
                                "ix": 2
                            }
                        },
                        {
                            "ty": "fl",
                            "bm": 0,
                            "hd": false,
                            "mn": "ADBE Vector Graphic - Fill",
                            "nm": "Fill 1",
                            "c": {
                                "a": 0,
                                "k": [
                                    0.494,
                                    0.18,
                                    0.937
                                ],
                                "ix": 4
                            },
                            "r": 1,
                            "o": {
                                "a": 0,
                                "k": 100,
                                "ix": 50
                            }
                        },
                        {
                            "ty": "tr",
                            "a": {
                                "a": 0,
                                "k": [
                                    0,
                                    0
                                ],
                                "ix": 1
                            },
                            "s": {
                                "a": 0,
                                "k": [
                                    100,
                                    100
                                ],
                                "ix": 3
                            },
                            "sk": {
                                "a": 0,
                                "k": 0,
                                "ix": 4
                            },
                            "p": {
                                "a": 0,
                                "k": [
                                    53.875,
                                    -98.567
                                ],
                                "ix": 2
                            },
                            "r": {
                                "a": 0,
                                "k": 0,
                                "ix": 6
                            },
                            "sa": {
                                "a": 0,
                                "k": 0,
                                "ix": 5
                            },
                            "o": {
                                "a": 0,
                                "k": 100,
                                "ix": 7
                            }
                        }
                    ]
                },
                {
                    "ty": "gr",
                    "bm": 0,
                    "hd": false,
                    "mn": "ADBE Vector Group",
                    "nm": "Rectangle 1",
                    "ix": 2,
                    "cix": 2,
                    "np": 3,
                    "it": [
                        {
                            "ty": "rc",
                            "bm": 0,
                            "hd": false,
                            "mn": "ADBE Vector Shape - Rect",
                            "nm": "Rectangle Path 1",
                            "d": 1,
                            "p": {
                                "a": 0,
                                "k": [
                                    0,
                                    0
                                ],
                                "ix": 3
                            },
                            "r": {
                                "a": 0,
                                "k": 20,
                                "ix": 4
                            },
                            "s": {
                                "a": 0,
                                "k": [
                                    74.75,
                                    21.433
                                ],
                                "ix": 2
                            }
                        },
                        {
                            "ty": "fl",
                            "bm": 0,
                            "hd": false,
                            "mn": "ADBE Vector Graphic - Fill",
                            "nm": "Fill 1",
                            "lc": 10,
                            "lj": 10,
                            "ml": 40,
                            "o": {
                                "a": 10,
                                "k": 100,
                                "ix": 50
                            },
                            "w": {
                                "a": 0,
                                "k": 180,
                                "ix": 5
                            },
                            "c": {
                                "a": 0,
                                "k": [
                                    0.494,
                                    0.18,
                                    0.937
                                ],
                                "ix": 30
                            },
                            "r": 10
                        },
                        {
                            "ty": "tr",
                            "a": {
                                "a": 0,
                                "k": [
                                    0,
                                    0
                                ],
                                "ix": 1
                            },
                            "s": {
                                "a": 0,
                                "k": [
                                    100,
                                    100
                                ],
                                "ix": 3
                            },
                            "sk": {
                                "a": 0,
                                "k": 0,
                                "ix": 4
                            },
                            "p": {
                                "a": 0,
                                "k": [
                                    117.625,
                                    -98.567
                                ],
                                "ix": 2
                            },
                            "r": {
                                "a": 0,
                                "k": 0,
                                "ix": 6
                            },
                            "sa": {
                                "a": 0,
                                "k": 0,
                                "ix": 5
                            },
                            "o": {
                                "a": 0,
                                "k": 100,
                                "ix": 7
                            }
                        }
                    ]
                }
            ],
            "ind": 2,
            "parent": 1
        },
        {
            "ty": 4,
            "nm": "middle circle",
            "sr": 1,
            "st": 0,
            "op": 900,
            "ip": 0,
            "hd": false,
            "ddd": 0,
            "bm": 0,
            "hasMask": false,
            "ao": 0,
            "ks": {
                "a": {
                    "a": 0,
                    "k": [
                        -111,
                        -20.875,
                        0
                    ],
                    "ix": 1
                },
                "s": {
                    "a": 0,
                    "k": [
                        70.274,
                        69.55,
                        100
                    ],
                    "ix": 6
                },
                "sk": {
                    "a": 0,
                    "k": 0
                },
                "p": {
                    "a": 0,
                    "k": [
                        40.803,
                        32.154,
                        0
                    ],
                    "ix": 2
                },
                "r": {
                    "a": 0,
                    "k": 0,
                    "ix": 10
                },
                "sa": {
                    "a": 0,
                    "k": 0
                },
                "o": {
                    "a": 1,
                    "k": [
                        {
                            "o": {
                                "x": 0.167,
                                "y": 0.167
                            },
                            "i": {
                                "x": 0.833,
                                "y": 0.833
                            },
                            "s": [
                                0
                            ],
                            "t": 10
                        },
                        {
                            "o": {
                                "x": 0.167,
                                "y": 0.167
                            },
                            "i": {
                                "x": 0.833,
                                "y": 0.833
                            },
                            "s": [
                                100
                            ],
                            "t": 20
                        },
                        {
                            "o": {
                                "x": 0.167,
                                "y": 0.167
                            },
                            "i": {
                                "x": 0.833,
                                "y": 0.833
                            },
                            "s": [
                                100
                            ],
                            "t": 59
                        },
                        {
                            "s": [
                                0
                            ],
                            "t": 69
                        }
                    ],
                    "ix": 11
                }
            },
            "ef": [],
            "shapes": [
                {
                    "ty": "gr",
                    "bm": 0,
                    "hd": false,
                    "mn": "ADBE Vector Group",
                    "nm": "Ellipse 1",
                    "ix": 1,
                    "cix": 2,
                    "np": 3,
                    "it": [
                        {
                            "ty": "el",
                            "bm": 0,
                            "hd": false,
                            "mn": "ADBE Vector Shape - Ellipse",
                            "nm": "Ellipse Path 1",
                            "d": 1,
                            "p": {
                                "a": 0,
                                "k": [
                                    0,
                                    0
                                ],
                                "ix": 3
                            },
                            "s": {
                                "a": 0,
                                "k": [
                                    50,
                                    50
                                ],
                                "ix": 2
                            }
                        },
                        {
                            "ty": "st",
                            "bm": 0,
                            "hd": false,
                            "mn": "ADBE Vector Graphic - Stroke",
                            "nm": "Stroke 1",
                            "lc": 1,
                            "lj": 1,
                            "ml": 4,
                            "o": {
                                "a": 0,
                                "k": 100,
                                "ix": 4
                            },
                            "w": {
                                "a": 0,
                                "k": 18,
                                "ix": 5
                            },
                            "c": {
                                "a": 0,
                                "k": [
                                    0.494,
                                    0.18,
                                    0.937
                                ],
                                "ix": 3
                            }
                        },
                        {
                            "ty": "tr",
                            "a": {
                                "a": 0,
                                "k": [
                                    0,
                                    0
                                ],
                                "ix": 1
                            },
                            "s": {
                                "a": 0,
                                "k": [
                                    100,
                                    100
                                ],
                                "ix": 3
                            },
                            "sk": {
                                "a": 0,
                                "k": 0,
                                "ix": 4
                            },
                            "p": {
                                "a": 0,
                                "k": [
                                    -111,
                                    -21
                                ],
                                "ix": 2
                            },
                            "r": {
                                "a": 0,
                                "k": 0,
                                "ix": 6
                            },
                            "sa": {
                                "a": 0,
                                "k": 0,
                                "ix": 5
                            },
                            "o": {
                                "a": 0,
                                "k": 100,
                                "ix": 7
                            }
                        }
                    ]
                }
            ],
            "ind": 3,
            "parent": 1
        },
        {
            "ty": 4,
            "nm": "right circle",
            "sr": 1,
            "st": 0,
            "op": 900,
            "ip": 0,
            "hd": false,
            "ddd": 0,
            "bm": 0,
            "hasMask": false,
            "ao": 0,
            "ks": {
                "a": {
                    "a": 0,
                    "k": [
                        -110.75,
                        -20.875,
                        0
                    ],
                    "ix": 1
                },
                "s": {
                    "a": 0,
                    "k": [
                        70.274,
                        69.55,
                        100
                    ],
                    "ix": 6
                },
                "sk": {
                    "a": 0,
                    "k": 0
                },
                "p": {
                    "a": 0,
                    "k": [
                        109.047,
                        31.337,
                        0
                    ],
                    "ix": 2
                },
                "r": {
                    "a": 0,
                    "k": 0,
                    "ix": 10
                },
                "sa": {
                    "a": 0,
                    "k": 0
                },
                "o": {
                    "a": 1,
                    "k": [
                        {
                            "o": {
                                "x": 0.167,
                                "y": 0.167
                            },
                            "i": {
                                "x": 0.833,
                                "y": 0.833
                            },
                            "s": [
                                0
                            ],
                            "t": 17
                        },
                        {
                            "o": {
                                "x": 0.167,
                                "y": 0.167
                            },
                            "i": {
                                "x": 0.833,
                                "y": 0.833
                            },
                            "s": [
                                100
                            ],
                            "t": 27
                        },
                        {
                            "o": {
                                "x": 0.167,
                                "y": 0.167
                            },
                            "i": {
                                "x": 0.833,
                                "y": 0.833
                            },
                            "s": [
                                100
                            ],
                            "t": 51
                        },
                        {
                            "s": [
                                0
                            ],
                            "t": 61
                        }
                    ],
                    "ix": 11
                }
            },
            "ef": [],
            "shapes": [
                {
                    "ty": "gr",
                    "bm": 0,
                    "hd": false,
                    "mn": "ADBE Vector Group",
                    "nm": "Ellipse 1",
                    "ix": 1,
                    "cix": 2,
                    "np": 3,
                    "it": [
                        {
                            "ty": "el",
                            "bm": 0,
                            "hd": false,
                            "mn": "ADBE Vector Shape - Ellipse",
                            "nm": "Ellipse Path 1",
                            "d": 1,
                            "p": {
                                "a": 0,
                                "k": [
                                    0,
                                    0
                                ],
                                "ix": 3
                            },
                            "s": {
                                "a": 0,
                                "k": [
                                    50,
                                    50
                                ],
                                "ix": 2
                            }
                        },
                        {
                            "ty": "st",
                            "bm": 0,
                            "hd": false,
                            "mn": "ADBE Vector Graphic - Stroke",
                            "nm": "Stroke 1",
                            "lc": 1,
                            "lj": 1,
                            "ml": 4,
                            "o": {
                                "a": 0,
                                "k": 100,
                                "ix": 4
                            },
                            "w": {
                                "a": 0,
                                "k": 18,
                                "ix": 5
                            },
                            "c": {
                                "a": 0,
                                "k": [
                                    0.494,
                                    0.188,
                                    0.937
                                ],
                                "ix": 3
                            }
                        },
                        {
                            "ty": "tr",
                            "a": {
                                "a": 0,
                                "k": [
                                    0,
                                    0
                                ],
                                "ix": 1
                            },
                            "s": {
                                "a": 0,
                                "k": [
                                    100,
                                    100
                                ],
                                "ix": 3
                            },
                            "sk": {
                                "a": 0,
                                "k": 0,
                                "ix": 4
                            },
                            "p": {
                                "a": 0,
                                "k": [
                                    -111,
                                    -21
                                ],
                                "ix": 2
                            },
                            "r": {
                                "a": 0,
                                "k": 0,
                                "ix": 6
                            },
                            "sa": {
                                "a": 0,
                                "k": 0,
                                "ix": 5
                            },
                            "o": {
                                "a": 0,
                                "k": 100,
                                "ix": 7
                            }
                        }
                    ]
                }
            ],
            "ind": 4,
            "parent": 1
        },
        {
            "ty": 4,
            "nm": "left circle",
            "sr": 1,
            "st": 0,
            "op": 900,
            "ip": 0,
            "hd": false,
            "ddd": 0,
            "bm": 0,
            "hasMask": false,
            "ao": 0,
            "ks": {
                "a": {
                    "a": 0,
                    "k": [
                        -110.75,
                        -20.875,
                        0
                    ],
                    "ix": 1
                },
                "s": {
                    "a": 0,
                    "k": [
                        70.274,
                        69.55,
                        100
                    ],
                    "ix": 6
                },
                "sk": {
                    "a": 0,
                    "k": 0
                },
                "p": {
                    "a": 0,
                    "k": [
                        -28.213,
                        31.337,
                        0
                    ],
                    "ix": 2
                },
                "r": {
                    "a": 0,
                    "k": 7.223,
                    "ix": 10
                },
                "sa": {
                    "a": 0,
                    "k": 0
                },
                "o": {
                    "a": 1,
                    "k": [
                        {
                            "o": {
                                "x": 0.783,
                                "y": 0
                            },
                            "i": {
                                "x": 0.667,
                                "y": 1.021
                            },
                            "s": [
                                0
                            ],
                            "t": 0
                        },
                        {
                            "o": {
                                "x": 0.167,
                                "y": 0
                            },
                            "i": {
                                "x": 0.667,
                                "y": 4.517
                            },
                            "s": [
                                100
                            ],
                            "t": 22
                        },
                        {
                            "o": {
                                "x": 0.167,
                                "y": 0
                            },
                            "i": {
                                "x": 0.667,
                                "y": 1
                            },
                            "s": [
                                100
                            ],
                            "t": 58
                        },
                        {
                            "s": [
                                0
                            ],
                            "t": 79
                        }
                    ],
                    "ix": 11
                }
            },
            "ef": [],
            "shapes": [
                {
                    "ty": "gr",
                    "bm": 0,
                    "hd": false,
                    "mn": "ADBE Vector Group",
                    "nm": "Ellipse 1",
                    "ix": 1,
                    "cix": 2,
                    "np": 3,
                    "it": [
                        {
                            "ty": "el",
                            "bm": 0,
                            "hd": false,
                            "mn": "ADBE Vector Shape - Ellipse",
                            "nm": "Ellipse Path 1",
                            "d": 1,
                            "p": {
                                "a": 0,
                                "k": [
                                    0,
                                    0
                                ],
                                "ix": 3
                            },
                            "s": {
                                "a": 0,
                                "k": [
                                    50,
                                    50
                                ],
                                "ix": 2
                            }
                        },
                        {
                            "ty": "st",
                            "bm": 0,
                            "hd": false,
                            "mn": "ADBE Vector Graphic - Stroke",
                            "nm": "Stroke 1",
                            "lc": 1,
                            "lj": 1,
                            "ml": 4,
                            "o": {
                                "a": 0,
                                "k": 100,
                                "ix": 4
                            },
                            "w": {
                                "a": 0,
                                "k": 18,
                                "ix": 5
                            },
                            "c": {
                                "a": 0,
                                "k": [
                                    0.494,
                                    0.18,
                                    0.937
                                ],
                                "ix": 3
                            }
                        },
                        {
                            "ty": "tr",
                            "a": {
                                "a": 0,
                                "k": [
                                    0,
                                    0
                                ],
                                "ix": 1
                            },
                            "s": {
                                "a": 0,
                                "k": [
                                    100,
                                    100
                                ],
                                "ix": 3
                            },
                            "sk": {
                                "a": 0,
                                "k": 0,
                                "ix": 4
                            },
                            "p": {
                                "a": 0,
                                "k": [
                                    -111,
                                    -21
                                ],
                                "ix": 2
                            },
                            "r": {
                                "a": 0,
                                "k": 0,
                                "ix": 6
                            },
                            "sa": {
                                "a": 0,
                                "k": 0,
                                "ix": 5
                            },
                            "o": {
                                "a": 0,
                                "k": 100,
                                "ix": 7
                            }
                        }
                    ]
                }
            ],
            "ind": 5,
            "parent": 1
        },
        {
            "ty": 4,
            "nm": "message outline",
            "sr": 1,
            "st": 0,
            "op": 900,
            "ip": 0,
            "hd": false,
            "ddd": 0,
            "bm": 0,
            "hasMask": false,
            "ao": 0,
            "ks": {
                "a": {
                    "a": 0,
                    "k": [
                        17.172,
                        2.247,
                        0
                    ],
                    "ix": 1
                },
                "s": {
                    "a": 0,
                    "k": [
                        75.609,
                        66.747,
                        100
                    ],
                    "ix": 6
                },
                "sk": {
                    "a": 0,
                    "k": 0
                },
                "p": {
                    "a": 0,
                    "k": [
                        44,
                        44,
                        0
                    ],
                    "ix": 2
                },
                "r": {
                    "a": 0,
                    "k": 0,
                    "ix": 10
                },
                "sa": {
                    "a": 0,
                    "k": 0
                },
                "o": {
                    "a": 0,
                    "k": 100,
                    "ix": 11
                }
            },
            "ef": [],
            "shapes": [
                {
                    "ty": "gr",
                    "bm": 0,
                    "hd": false,
                    "mn": "ADBE Vector Group",
                    "nm": "Shape 1",
                    "ix": 1,
                    "cix": 2,
                    "np": 3,
                    "it": [
                        {
                            "ty": "sh",
                            "bm": 0,
                            "hd": false,
                            "mn": "ADBE Vector Shape - Group",
                            "nm": "Path 1",
                            "ix": 1,
                            "d": 1,
                            "ks": {
                                "a": 0,
                                "k": {
                                    "c": true,
                                    "i": [
                                        [
                                            9,
                                            0.125
                                        ],
                                        [
                                            8,
                                            -0.125
                                        ],
                                        [
                                            12.948,
                                            -13.052
                                        ],
                                        [
                                            0,
                                            -7.375
                                        ],
                                        [
                                            0.25,
                                            -11.125
                                        ],
                                        [
                                            -10,
                                            -10.25
                                        ],
                                        [
                                            -5.375,
                                            -0.25
                                        ],
                                        [
                                            0,
                                            0
                                        ],
                                        [
                                            0,
                                            -3.063
                                        ],
                                        [
                                            -4.875,
                                            -1.938
                                        ],
                                        [
                                            -1.5,
                                            1.188
                                        ],
                                        [
                                            0,
                                            0
                                        ],
                                        [
                                            -9.875,
                                            0
                                        ],
                                        [
                                            -8.625,
                                            8.625
                                        ],
                                        [
                                            -0.5,
                                            6.875
                                        ],
                                        [
                                            0,
                                            0
                                        ],
                                        [
                                            11.75,
                                            15.625
                                        ]
                                    ],
                                    "o": [
                                        [
                                            -9,
                                            -0.125
                                        ],
                                        [
                                            -8,
                                            0.125
                                        ],
                                        [
                                            -15.5,
                                            15.625
                                        ],
                                        [
                                            0,
                                            7.375
                                        ],
                                        [
                                            -0.25,
                                            11.125
                                        ],
                                        [
                                            6.982,
                                            7.156
                                        ],
                                        [
                                            5.375,
                                            0.25
                                        ],
                                        [
                                            0,
                                            0
                                        ],
                                        [
                                            0,
                                            3.063
                                        ],
                                        [
                                            4.875,
                                            1.938
                                        ],
                                        [
                                            1.5,
                                            -1.188
                                        ],
                                        [
                                            0,
                                            0
                                        ],
                                        [
                                            9.875,
                                            0
                                        ],
                                        [
                                            8.625,
                                            -8.625
                                        ],
                                        [
                                            0.5,
                                            -6.875
                                        ],
                                        [
                                            0,
                                            0
                                        ],
                                        [
                                            -11.75,
                                            -15.625
                                        ]
                                    ],
                                    "v": [
                                        [
                                            149.5,
                                            -155
                                        ],
                                        [
                                            -119.125,
                                            -154.75
                                        ],
                                        [
                                            -152.875,
                                            -141.125
                                        ],
                                        [
                                            -167.75,
                                            -102
                                        ],
                                        [
                                            -167.5,
                                            55
                                        ],
                                        [
                                            -152.125,
                                            90.75
                                        ],
                                        [
                                            -126,
                                            103
                                        ],
                                        [
                                            -100.5,
                                            103.5
                                        ],
                                        [
                                            -100.75,
                                            150.813
                                        ],
                                        [
                                            -95,
                                            163
                                        ],
                                        [
                                            -81.75,
                                            160.75
                                        ],
                                        [
                                            -18.5,
                                            103.75
                                        ],
                                        [
                                            155.25,
                                            103
                                        ],
                                        [
                                            188.25,
                                            86.5
                                        ],
                                        [
                                            199.75,
                                            55.625
                                        ],
                                        [
                                            199.75,
                                            -106.25
                                        ],
                                        [
                                            189.25,
                                            -137.5
                                        ]
                                    ]
                                },
                                "ix": 2
                            }
                        },
                        {
                            "ty": "st",
                            "bm": 0,
                            "hd": false,
                            "mn": "ADBE Vector Graphic - Stroke",
                            "nm": "Stroke 1",
                            "lc": 1,
                            "lj": 1,
                            "ml": 4,
                            "o": {
                                "a": 0,
                                "k": 100,
                                "ix": 4
                            },
                            "w": {
                                "a": 0,
                                "k": 26,
                                "ix": 5
                            },
                            "c": {
                                "a": 0,
                                "k": [
                                    0.494,
                                    0.18,
                                    0.937
                                ],
                                "ix": 3
                            }
                        },
                        {
                            "ty": "tr",
                            "a": {
                                "a": 0,
                                "k": [
                                    0,
                                    0
                                ],
                                "ix": 1
                            },
                            "s": {
                                "a": 0,
                                "k": [
                                    100,
                                    100
                                ],
                                "ix": 3
                            },
                            "sk": {
                                "a": 0,
                                "k": 0,
                                "ix": 4
                            },
                            "p": {
                                "a": 0,
                                "k": [
                                    0,
                                    0
                                ],
                                "ix": 2
                            },
                            "r": {
                                "a": 0,
                                "k": 0,
                                "ix": 6
                            },
                            "sa": {
                                "a": 0,
                                "k": 0,
                                "ix": 5
                            },
                            "o": {
                                "a": 0,
                                "k": 100,
                                "ix": 7
                            }
                        }
                    ]
                }
            ],
            "ind": 6,
            "parent": 1
        }
    ],
    "v": "5.5.7",
    "fr": 30,
    "op": 80,
    "ip": 0,
    "assets": []
}