{
    "v": "5.7.11",
    "fr": 10,
    "ip": 0,
    "op": 34.0000013848484,
    "w": 320,
    "h": 320,
    "nm": "paper",
    "ddd": 0,
    "assets": [],
    "layers": [
        {
            "ddd": 0,
            "ind": 1,
            "ty": 4,
            "nm": "Layer 6 Outlines",
            "parent": 5,
            "sr": 1,
            "ks": {
                "o": {
                    "a": 0,
                    "k": 100,
                    "ix": 11
                },
                "r": {
                    "a": 0,
                    "k": 0,
                    "ix": 10
                },
                "p": {
                    "a": 0,
                    "k": [
                        93,
                        72.5,
                        0
                    ],
                    "ix": 2,
                    "l": 2
                },
                "a": {
                    "a": 0,
                    "k": [
                        50,
                        10.5,
                        0
                    ],
                    "ix": 1,
                    "l": 2
                },
                "s": {
                    "a": 0,
                    "k": [
                        100,
                        100,
                        100
                    ],
                    "ix": 6,
                    "l": 2
                }
            },
            "ao": 0,
            "shapes": [
                {
                    "ty": "gr",
                    "it": [
                        {
                            "ind": 0,
                            "ty": "sh",
                            "ix": 1,
                            "ks": {
                                "a": 0,
                                "k": {
                                    "i": [
                                        [
                                            0,
                                            0
                                        ],
                                        [
                                            0,
                                            0
                                        ]
                                    ],
                                    "o": [
                                        [
                                            0,
                                            0
                                        ],
                                        [
                                            0,
                                            0
                                        ]
                                    ],
                                    "v": [
                                        [
                                            10.741,
                                            10.948
                                        ],
                                        [
                                            89.086,
                                            10.948
                                        ]
                                    ],
                                    "c": false
                                },
                                "ix": 2
                            },
                            "nm": "Path 1",
                            "mn": "ADBE Vector Shape - Group",
                            "hd": false
                        },
                        {
                            "ty": "st",
                            "c": {
                                "a": 0,
                                "k": [
                                    0.667,
                                            0.447,
                                            0.933
                                ],
                                "ix": 3
                            },
                            "o": {
                                "a": 0,
                                "k": 100,
                                "ix": 4
                            },
                            "w": {
                                "a": 0,
                                "k": 10,
                                "ix": 1
                            },
                            "lc": 2,
                            "lj": 2,
                            "bm": 0,
                            "nm": "Stroke 1",
                            "mn": "ADBE Vector Graphic - Stroke",
                            "hd": false
                        },
                        {
                            "ty": "tr",
                            "p": {
                                "a": 0,
                                "k": [
                                    0,
                                    0
                                ],
                                "ix": 2
                            },
                            "a": {
                                "a": 0,
                                "k": [
                                    0,
                                    0
                                ],
                                "ix": 1
                            },
                            "s": {
                                "a": 0,
                                "k": [
                                    100,
                                    100
                                ],
                                "ix": 3
                            },
                            "r": {
                                "a": 0,
                                "k": 0,
                                "ix": 6
                            },
                            "o": {
                                "a": 0,
                                "k": 100,
                                "ix": 7
                            },
                            "sk": {
                                "a": 0,
                                "k": 0,
                                "ix": 4
                            },
                            "sa": {
                                "a": 0,
                                "k": 0,
                                "ix": 5
                            },
                            "nm": "Transform"
                        }
                    ],
                    "nm": "Group 1",
                    "np": 2,
                    "cix": 2,
                    "bm": 0,
                    "ix": 1,
                    "mn": "ADBE Vector Group",
                    "hd": false
                },
                {
                    "ty": "tm",
                    "s": {
                        "a": 0,
                        "k": 0,
                        "ix": 1
                    },
                    "e": {
                        "a": 1,
                        "k": [
                            {
                                "i": {
                                    "x": [
                                        0.833
                                    ],
                                    "y": [
                                        0.833
                                    ]
                                },
                                "o": {
                                    "x": [
                                        0.167
                                    ],
                                    "y": [
                                        0.167
                                    ]
                                },
                                "t": 0,
                                "s": [
                                    0
                                ]
                            },
                            {
                                "t": 10.0000004073083,
                                "s": [
                                    100
                                ]
                            }
                        ],
                        "ix": 2
                    },
                    "o": {
                        "a": 0,
                        "k": 0,
                        "ix": 3
                    },
                    "m": 1,
                    "ix": 2,
                    "nm": "Trim Paths 1",
                    "mn": "ADBE Vector Filter - Trim",
                    "hd": false
                }
            ],
            "ip": 0,
            "op": 34.0000013848484,
            "st": 0,
            "bm": 0
        },
        {
            "ddd": 0,
            "ind": 2,
            "ty": 4,
            "nm": "Layer 7 Outlines",
            "parent": 5,
            "sr": 1,
            "ks": {
                "o": {
                    "a": 0,
                    "k": 100,
                    "ix": 11
                },
                "r": {
                    "a": 0,
                    "k": 0,
                    "ix": 10
                },
                "p": {
                    "a": 0,
                    "k": [
                        93,
                        121.5,
                        0
                    ],
                    "ix": 2,
                    "l": 2
                },
                "a": {
                    "a": 0,
                    "k": [
                        50,
                        10.5,
                        0
                    ],
                    "ix": 1,
                    "l": 2
                },
                "s": {
                    "a": 0,
                    "k": [
                        100,
                        100,
                        100
                    ],
                    "ix": 6,
                    "l": 2
                }
            },
            "ao": 0,
            "shapes": [
                {
                    "ty": "gr",
                    "it": [
                        {
                            "ind": 0,
                            "ty": "sh",
                            "ix": 1,
                            "ks": {
                                "a": 0,
                                "k": {
                                    "i": [
                                        [
                                            0,
                                            0
                                        ],
                                        [
                                            0,
                                            0
                                        ]
                                    ],
                                    "o": [
                                        [
                                            0,
                                            0
                                        ],
                                        [
                                            0,
                                            0
                                        ]
                                    ],
                                    "v": [
                                        [
                                            10.741,
                                            10.914
                                        ],
                                        [
                                            89.086,
                                            10.914
                                        ]
                                    ],
                                    "c": false
                                },
                                "ix": 2
                            },
                            "nm": "Path 1",
                            "mn": "ADBE Vector Shape - Group",
                            "hd": false
                        },
                        {
                            "ty": "st",
                            "c": {
                                "a": 0,
                                "k": [
                                    0.667,
                                            0.447,
                                            0.933
                                ],
                                "ix": 3
                            },
                            "o": {
                                "a": 0,
                                "k": 100,
                                "ix": 4
                            },
                            "w": {
                                "a": 0,
                                "k": 10,
                                "ix": 1
                            },
                            "lc": 2,
                            "lj": 2,
                            "bm": 0,
                            "nm": "Stroke 1",
                            "mn": "ADBE Vector Graphic - Stroke",
                            "hd": false
                        },
                        {
                            "ty": "tr",
                            "p": {
                                "a": 0,
                                "k": [
                                    0,
                                    0
                                ],
                                "ix": 2
                            },
                            "a": {
                                "a": 0,
                                "k": [
                                    0,
                                    0
                                ],
                                "ix": 1
                            },
                            "s": {
                                "a": 0,
                                "k": [
                                    100,
                                    100
                                ],
                                "ix": 3
                            },
                            "r": {
                                "a": 0,
                                "k": 0,
                                "ix": 6
                            },
                            "o": {
                                "a": 0,
                                "k": 100,
                                "ix": 7
                            },
                            "sk": {
                                "a": 0,
                                "k": 0,
                                "ix": 4
                            },
                            "sa": {
                                "a": 0,
                                "k": 0,
                                "ix": 5
                            },
                            "nm": "Transform"
                        }
                    ],
                    "nm": "Group 1",
                    "np": 2,
                    "cix": 2,
                    "bm": 0,
                    "ix": 1,
                    "mn": "ADBE Vector Group",
                    "hd": false
                },
                {
                    "ty": "tm",
                    "s": {
                        "a": 0,
                        "k": 0,
                        "ix": 1
                    },
                    "e": {
                        "a": 1,
                        "k": [
                            {
                                "i": {
                                    "x": [
                                        0.833
                                    ],
                                    "y": [
                                        0.833
                                    ]
                                },
                                "o": {
                                    "x": [
                                        0.167
                                    ],
                                    "y": [
                                        0.167
                                    ]
                                },
                                "t": 5,
                                "s": [
                                    0
                                ]
                            },
                            {
                                "t": 15.0000006109625,
                                "s": [
                                    100
                                ]
                            }
                        ],
                        "ix": 2
                    },
                    "o": {
                        "a": 0,
                        "k": 0,
                        "ix": 3
                    },
                    "m": 1,
                    "ix": 2,
                    "nm": "Trim Paths 1",
                    "mn": "ADBE Vector Filter - Trim",
                    "hd": false
                }
            ],
            "ip": 0,
            "op": 34.0000013848484,
            "st": 0,
            "bm": 0
        },
        {
            "ddd": 0,
            "ind": 3,
            "ty": 4,
            "nm": "Layer 4 Outlines",
            "parent": 5,
            "sr": 1,
            "ks": {
                "o": {
                    "a": 0,
                    "k": 100,
                    "ix": 11
                },
                "r": {
                    "a": 0,
                    "k": 0,
                    "ix": 10
                },
                "p": {
                    "a": 0,
                    "k": [
                        63.5,
                        170.5,
                        0
                    ],
                    "ix": 2,
                    "l": 2
                },
                "a": {
                    "a": 0,
                    "k": [
                        20.5,
                        10.5,
                        0
                    ],
                    "ix": 1,
                    "l": 2
                },
                "s": {
                    "a": 0,
                    "k": [
                        100,
                        100,
                        100
                    ],
                    "ix": 6,
                    "l": 2
                }
            },
            "ao": 0,
            "shapes": [
                {
                    "ty": "gr",
                    "it": [
                        {
                            "ind": 0,
                            "ty": "sh",
                            "ix": 1,
                            "ks": {
                                "a": 0,
                                "k": {
                                    "i": [
                                        [
                                            0,
                                            0
                                        ],
                                        [
                                            0,
                                            0
                                        ]
                                    ],
                                    "o": [
                                        [
                                            0,
                                            0
                                        ],
                                        [
                                            0,
                                            0
                                        ]
                                    ],
                                    "v": [
                                        [
                                            10.741,
                                            10.879
                                        ],
                                        [
                                            30.327,
                                            10.879
                                        ]
                                    ],
                                    "c": false
                                },
                                "ix": 2
                            },
                            "nm": "Path 1",
                            "mn": "ADBE Vector Shape - Group",
                            "hd": false
                        },
                        {
                            "ty": "st",
                            "c": {
                                "a": 0,
                                "k": [
                                    0.667,
                                            0.447,
                                            0.933
                                ],
                                "ix": 3
                            },
                            "o": {
                                "a": 0,
                                "k": 100,
                                "ix": 4
                            },
                            "w": {
                                "a": 0,
                                "k": 10,
                                "ix": 1
                            },
                            "lc": 2,
                            "lj": 2,
                            "bm": 0,
                            "nm": "Stroke 1",
                            "mn": "ADBE Vector Graphic - Stroke",
                            "hd": false
                        },
                        {
                            "ty": "tr",
                            "p": {
                                "a": 0,
                                "k": [
                                    0,
                                    0
                                ],
                                "ix": 2
                            },
                            "a": {
                                "a": 0,
                                "k": [
                                    0,
                                    0
                                ],
                                "ix": 1
                            },
                            "s": {
                                "a": 0,
                                "k": [
                                    100,
                                    100
                                ],
                                "ix": 3
                            },
                            "r": {
                                "a": 0,
                                "k": 0,
                                "ix": 6
                            },
                            "o": {
                                "a": 0,
                                "k": 100,
                                "ix": 7
                            },
                            "sk": {
                                "a": 0,
                                "k": 0,
                                "ix": 4
                            },
                            "sa": {
                                "a": 0,
                                "k": 0,
                                "ix": 5
                            },
                            "nm": "Transform"
                        }
                    ],
                    "nm": "Group 1",
                    "np": 2,
                    "cix": 2,
                    "bm": 0,
                    "ix": 1,
                    "mn": "ADBE Vector Group",
                    "hd": false
                },
                {
                    "ty": "tm",
                    "s": {
                        "a": 0,
                        "k": 0,
                        "ix": 1
                    },
                    "e": {
                        "a": 1,
                        "k": [
                            {
                                "i": {
                                    "x": [
                                        0.833
                                    ],
                                    "y": [
                                        0.833
                                    ]
                                },
                                "o": {
                                    "x": [
                                        0.167
                                    ],
                                    "y": [
                                        0.167
                                    ]
                                },
                                "t": 15,
                                "s": [
                                    0
                                ]
                            },
                            {
                                "t": 20.0000008146167,
                                "s": [
                                    100
                                ]
                            }
                        ],
                        "ix": 2
                    },
                    "o": {
                        "a": 0,
                        "k": 0,
                        "ix": 3
                    },
                    "m": 1,
                    "ix": 2,
                    "nm": "Trim Paths 1",
                    "mn": "ADBE Vector Filter - Trim",
                    "hd": false
                }
            ],
            "ip": 0,
            "op": 34.0000013848484,
            "st": 0,
            "bm": 0
        },
        {
            "ddd": 0,
            "ind": 4,
            "ty": 4,
            "nm": "Layer 5 Outlines",
            "parent": 5,
            "sr": 1,
            "ks": {
                "o": {
                    "a": 0,
                    "k": 100,
                    "ix": 11
                },
                "r": {
                    "a": 0,
                    "k": 0,
                    "ix": 10
                },
                "p": {
                    "a": 0,
                    "k": [
                        122.5,
                        170.5,
                        0
                    ],
                    "ix": 2,
                    "l": 2
                },
                "a": {
                    "a": 0,
                    "k": [
                        20.5,
                        10.5,
                        0
                    ],
                    "ix": 1,
                    "l": 2
                },
                "s": {
                    "a": 0,
                    "k": [
                        100,
                        100,
                        100
                    ],
                    "ix": 6,
                    "l": 2
                }
            },
            "ao": 0,
            "shapes": [
                {
                    "ty": "gr",
                    "it": [
                        {
                            "ind": 0,
                            "ty": "sh",
                            "ix": 1,
                            "ks": {
                                "a": 0,
                                "k": {
                                    "i": [
                                        [
                                            0,
                                            0
                                        ],
                                        [
                                            0,
                                            0
                                        ]
                                    ],
                                    "o": [
                                        [
                                            0,
                                            0
                                        ],
                                        [
                                            0,
                                            0
                                        ]
                                    ],
                                    "v": [
                                        [
                                            -9.793,
                                            -0.001
                                        ],
                                        [
                                            9.793,
                                            0.001
                                        ]
                                    ],
                                    "c": false
                                },
                                "ix": 2
                            },
                            "nm": "Path 1",
                            "mn": "ADBE Vector Shape - Group",
                            "hd": false
                        },
                        {
                            "ty": "st",
                            "c": {
                                "a": 0,
                                "k": [
                                    0.667,
                                            0.447,
                                            0.933
                                ],
                                "ix": 3
                            },
                            "o": {
                                "a": 0,
                                "k": 100,
                                "ix": 4
                            },
                            "w": {
                                "a": 0,
                                "k": 10,
                                "ix": 1
                            },
                            "lc": 2,
                            "lj": 2,
                            "bm": 0,
                            "nm": "Stroke 1",
                            "mn": "ADBE Vector Graphic - Stroke",
                            "hd": false
                        },
                        {
                            "ty": "tr",
                            "p": {
                                "a": 0,
                                "k": [
                                    20.293,
                                    10.878
                                ],
                                "ix": 2
                            },
                            "a": {
                                "a": 0,
                                "k": [
                                    0,
                                    0
                                ],
                                "ix": 1
                            },
                            "s": {
                                "a": 0,
                                "k": [
                                    100,
                                    100
                                ],
                                "ix": 3
                            },
                            "r": {
                                "a": 0,
                                "k": 0,
                                "ix": 6
                            },
                            "o": {
                                "a": 0,
                                "k": 100,
                                "ix": 7
                            },
                            "sk": {
                                "a": 0,
                                "k": 0,
                                "ix": 4
                            },
                            "sa": {
                                "a": 0,
                                "k": 0,
                                "ix": 5
                            },
                            "nm": "Transform"
                        }
                    ],
                    "nm": "Group 1",
                    "np": 2,
                    "cix": 2,
                    "bm": 0,
                    "ix": 1,
                    "mn": "ADBE Vector Group",
                    "hd": false
                },
                {
                    "ty": "tm",
                    "s": {
                        "a": 0,
                        "k": 0,
                        "ix": 1
                    },
                    "e": {
                        "a": 1,
                        "k": [
                            {
                                "i": {
                                    "x": [
                                        0.833
                                    ],
                                    "y": [
                                        0.833
                                    ]
                                },
                                "o": {
                                    "x": [
                                        0.167
                                    ],
                                    "y": [
                                        0.167
                                    ]
                                },
                                "t": 15,
                                "s": [
                                    0
                                ]
                            },
                            {
                                "t": 20.0000008146167,
                                "s": [
                                    100
                                ]
                            }
                        ],
                        "ix": 2
                    },
                    "o": {
                        "a": 0,
                        "k": 0,
                        "ix": 3
                    },
                    "m": 1,
                    "ix": 2,
                    "nm": "Trim Paths 1",
                    "mn": "ADBE Vector Filter - Trim",
                    "hd": false
                }
            ],
            "ip": 0,
            "op": 34.0000013848484,
            "st": 0,
            "bm": 0
        },
        {
            "ddd": 0,
            "ind": 5,
            "ty": 4,
            "nm": "Layer 2 Outlines",
            "sr": 1,
            "ks": {
                "o": {
                    "a": 0,
                    "k": 100,
                    "ix": 11
                },
                "r": {
                    "a": 0,
                    "k": 0,
                    "ix": 10
                },
                "p": {
                    "a": 1,
                    "k": [
                        {
                            "i": {
                                "x": 0.833,
                                "y": 0.833
                            },
                            "o": {
                                "x": 0.167,
                                "y": 0.167
                            },
                            "t": 0,
                            "s": [
                                140,
                                140,
                                0
                            ],
                            "to": [
                                -5.5,
                                0,
                                0
                            ],
                            "ti": [
                                5.5,
                                0,
                                0
                            ]
                        },
                        {
                            "i": {
                                "x": 0.833,
                                "y": 0.833
                            },
                            "o": {
                                "x": 0.167,
                                "y": 0.167
                            },
                            "t": 5,
                            "s": [
                                107,
                                140,
                                0
                            ],
                            "to": [
                                0,
                                0,
                                0
                            ],
                            "ti": [
                                0,
                                0,
                                0
                            ]
                        },
                        {
                            "i": {
                                "x": 0.833,
                                "y": 0.833
                            },
                            "o": {
                                "x": 0.167,
                                "y": 0.167
                            },
                            "t": 10,
                            "s": [
                                107,
                                140,
                                0
                            ],
                            "to": [
                                5.5,
                                0,
                                0
                            ],
                            "ti": [
                                -5.5,
                                0,
                                0
                            ]
                        },
                        {
                            "t": 15.0000006109625,
                            "s": [
                                140,
                                140,
                                0
                            ]
                        }
                    ],
                    "ix": 2,
                    "l": 2
                },
                "a": {
                    "a": 0,
                    "k": [
                        93,
                        122,
                        0
                    ],
                    "ix": 1,
                    "l": 2
                },
                "s": {
                    "a": 1,
                    "k": [
                        {
                            "i": {
                                "x": [
                                    0.833,
                                    0.833,
                                    0.833
                                ],
                                "y": [
                                    0.833,
                                    0.833,
                                    0.833
                                ]
                            },
                            "o": {
                                "x": [
                                    0.167,
                                    0.167,
                                    0.167
                                ],
                                "y": [
                                    0.167,
                                    0.167,
                                    0.167
                                ]
                            },
                            "t": 0,
                            "s": [
                                100,
                                100,
                                100
                            ]
                        },
                        {
                            "i": {
                                "x": [
                                    0.833,
                                    0.833,
                                    0.833
                                ],
                                "y": [
                                    0.833,
                                    0.833,
                                    0.833
                                ]
                            },
                            "o": {
                                "x": [
                                    0.167,
                                    0.167,
                                    0.167
                                ],
                                "y": [
                                    0.167,
                                    0.167,
                                    0.167
                                ]
                            },
                            "t": 5,
                            "s": [
                                88,
                                88,
                                100
                            ]
                        },
                        {
                            "i": {
                                "x": [
                                    0.833,
                                    0.833,
                                    0.833
                                ],
                                "y": [
                                    0.833,
                                    0.833,
                                    0.833
                                ]
                            },
                            "o": {
                                "x": [
                                    0.167,
                                    0.167,
                                    0.167
                                ],
                                "y": [
                                    0.167,
                                    0.167,
                                    0.167
                                ]
                            },
                            "t": 10,
                            "s": [
                                88,
                                88,
                                100
                            ]
                        },
                        {
                            "t": 15.0000006109625,
                            "s": [
                                100,
                                100,
                                100
                            ]
                        }
                    ],
                    "ix": 6,
                    "l": 2
                }
            },
            "ao": 0,
            "shapes": [
                {
                    "ty": "gr",
                    "it": [
                        {
                            "ind": 0,
                            "ty": "sh",
                            "ix": 1,
                            "ks": {
                                "a": 0,
                                "k": {
                                    "i": [
                                        [
                                            0,
                                            0
                                        ],
                                        [
                                            0,
                                            0
                                        ],
                                        [
                                            0,
                                            0
                                        ],
                                        [
                                            0,
                                            0
                                        ]
                                    ],
                                    "o": [
                                        [
                                            0,
                                            0
                                        ],
                                        [
                                            0,
                                            0
                                        ],
                                        [
                                            0,
                                            0
                                        ],
                                        [
                                            0,
                                            0
                                        ]
                                    ],
                                    "v": [
                                        [
                                            78.345,
                                            107.724
                                        ],
                                        [
                                            -78.345,
                                            107.724
                                        ],
                                        [
                                            -78.345,
                                            -107.724
                                        ],
                                        [
                                            78.345,
                                            -107.724
                                        ]
                                    ],
                                    "c": true
                                },
                                "ix": 2
                            },
                            "nm": "Path 1",
                            "mn": "ADBE Vector Shape - Group",
                            "hd": false
                        },
                        {
                            "ty": "st",
                            "c": {
                                "a": 0,
                                "k": [
                                    0.4941,
                                    0.1804,
                                    0.9373,
                                    1
                                ],
                                "ix": 3
                            },
                            "o": {
                                "a": 0,
                                "k": 100,
                                "ix": 4
                            },
                            "w": {
                                "a": 0,
                                "k": 10,
                                "ix": 1
                            },
                            "lc": 2,
                            "lj": 2,
                            "bm": 0,
                            "nm": "Stroke 1",
                            "mn": "ADBE Vector Graphic - Stroke",
                            "hd": false
                        },
                        {
                            "ty": "tr",
                            "p": {
                                "a": 0,
                                "k": [
                                    92.914,
                                    121.914
                                ],
                                "ix": 2
                            },
                            "a": {
                                "a": 0,
                                "k": [
                                    0,
                                    0
                                ],
                                "ix": 1
                            },
                            "s": {
                                "a": 0,
                                "k": [
                                    100,
                                    100
                                ],
                                "ix": 3
                            },
                            "r": {
                                "a": 0,
                                "k": 0,
                                "ix": 6
                            },
                            "o": {
                                "a": 0,
                                "k": 100,
                                "ix": 7
                            },
                            "sk": {
                                "a": 0,
                                "k": 0,
                                "ix": 4
                            },
                            "sa": {
                                "a": 0,
                                "k": 0,
                                "ix": 5
                            },
                            "nm": "Transform"
                        }
                    ],
                    "nm": "Group 1",
                    "np": 2,
                    "cix": 2,
                    "bm": 0,
                    "ix": 1,
                    "mn": "ADBE Vector Group",
                    "hd": false
                }
            ],
            "ip": 0,
            "op": 34.0000013848484,
            "st": 0,
            "bm": 0
        },
        {
            "ddd": 0,
            "ind": 6,
            "ty": 4,
            "nm": "Layer 3 Outlines",
            "parent": 5,
            "td": 1,
            "sr": 1,
            "ks": {
                "o": {
                    "a": 0,
                    "k": 100,
                    "ix": 11
                },
                "r": {
                    "a": 0,
                    "k": 0,
                    "ix": 10
                },
                "p": {
                    "a": 0,
                    "k": [
                        92.5,
                        122,
                        0
                    ],
                    "ix": 2,
                    "l": 2
                },
                "a": {
                    "a": 0,
                    "k": [
                        79.5,
                        109,
                        0
                    ],
                    "ix": 1,
                    "l": 2
                },
                "s": {
                    "a": 0,
                    "k": [
                        100,
                        100,
                        100
                    ],
                    "ix": 6,
                    "l": 2
                }
            },
            "ao": 0,
            "shapes": [
                {
                    "ty": "gr",
                    "it": [
                        {
                            "ind": 0,
                            "ty": "sh",
                            "ix": 1,
                            "ks": {
                                "a": 0,
                                "k": {
                                    "i": [
                                        [
                                            0,
                                            0
                                        ],
                                        [
                                            0,
                                            0
                                        ],
                                        [
                                            0,
                                            0
                                        ],
                                        [
                                            0,
                                            0
                                        ]
                                    ],
                                    "o": [
                                        [
                                            0,
                                            0
                                        ],
                                        [
                                            0,
                                            0
                                        ],
                                        [
                                            0,
                                            0
                                        ],
                                        [
                                            0,
                                            0
                                        ]
                                    ],
                                    "v": [
                                        [
                                            78.345,
                                            107.724
                                        ],
                                        [
                                            -78.345,
                                            107.724
                                        ],
                                        [
                                            -78.345,
                                            -107.724
                                        ],
                                        [
                                            78.345,
                                            -107.724
                                        ]
                                    ],
                                    "c": true
                                },
                                "ix": 2
                            },
                            "nm": "Path 1",
                            "mn": "ADBE Vector Shape - Group",
                            "hd": false
                        },
                        {
                            "ty": "st",
                            "c": {
                                "a": 0,
                                "k": [
                                    0.4941,
                                    0.1804,
                                    0.9373,
                                    1
                                ],
                                "ix": 3
                            },
                            "o": {
                                "a": 0,
                                "k": 100,
                                "ix": 4
                            },
                            "w": {
                                "a": 0,
                                "k": 1,
                                "ix": 5
                            },
                            "lc": 1,
                            "lj": 1,
                            "ml": 10,
                            "bm": 0,
                            "nm": "Stroke 1",
                            "mn": "ADBE Vector Graphic - Stroke",
                            "hd": false
                        },
                        {
                            "ty": "fl",
                            "c": {
                                "a": 0,
                                "k": [
                                    0.667,
                                            0.447,
                                            0.933
                                ],
                                "ix": 4
                            },
                            "o": {
                                "a": 0,
                                "k": 100,
                                "ix": 5
                            },
                            "r": 1,
                            "bm": 0,
                            "nm": "Fill 1",
                            "mn": "ADBE Vector Graphic - Fill",
                            "hd": false
                        },
                        {
                            "ty": "tr",
                            "p": {
                                "a": 0,
                                "k": [
                                    79.914,
                                    108.914
                                ],
                                "ix": 2
                            },
                            "a": {
                                "a": 0,
                                "k": [
                                    0,
                                    0
                                ],
                                "ix": 1
                            },
                            "s": {
                                "a": 0,
                                "k": [
                                    100,
                                    100
                                ],
                                "ix": 3
                            },
                            "r": {
                                "a": 0,
                                "k": 0,
                                "ix": 6
                            },
                            "o": {
                                "a": 0,
                                "k": 100,
                                "ix": 7
                            },
                            "sk": {
                                "a": 0,
                                "k": 0,
                                "ix": 4
                            },
                            "sa": {
                                "a": 0,
                                "k": 0,
                                "ix": 5
                            },
                            "nm": "Transform"
                        }
                    ],
                    "nm": "Group 1",
                    "np": 3,
                    "cix": 2,
                    "bm": 0,
                    "ix": 1,
                    "mn": "ADBE Vector Group",
                    "hd": false
                }
            ],
            "ip": 0,
            "op": 34.0000013848484,
            "st": 0,
            "bm": 0
        },
        {
            "ddd": 0,
            "ind": 7,
            "ty": 4,
            "nm": "Layer 1 Outlines",
            "tt": 2,
            "sr": 1,
            "ks": {
                "o": {
                    "a": 0,
                    "k": 100,
                    "ix": 11
                },
                "r": {
                    "a": 0,
                    "k": 0,
                    "ix": 10
                },
                "p": {
                    "a": 1,
                    "k": [
                        {
                            "i": {
                                "x": 0.667,
                                "y": 1
                            },
                            "o": {
                                "x": 0.167,
                                "y": 0.167
                            },
                            "t": 0,
                            "s": [
                                179,
                                179,
                                0
                            ],
                            "to": [
                                3.5,
                                0,
                                0
                            ],
                            "ti": [
                                0,
                                0,
                                0
                            ]
                        },
                        {
                            "i": {
                                "x": 0.833,
                                "y": 0.833
                            },
                            "o": {
                                "x": 0.333,
                                "y": 0
                            },
                            "t": 7,
                            "s": [
                                200,
                                179,
                                0
                            ],
                            "to": [
                                0,
                                0,
                                0
                            ],
                            "ti": [
                                3.5,
                                0,
                                0
                            ]
                        },
                        {
                            "t": 15.0000006109625,
                            "s": [
                                179,
                                179,
                                0
                            ]
                        }
                    ],
                    "ix": 2,
                    "l": 2
                },
                "a": {
                    "a": 0,
                    "k": [
                        93,
                        122,
                        0
                    ],
                    "ix": 1,
                    "l": 2
                },
                "s": {
                    "a": 0,
                    "k": [
                        100,
                        100,
                        100
                    ],
                    "ix": 6,
                    "l": 2
                }
            },
            "ao": 0,
            "shapes": [
                {
                    "ty": "gr",
                    "it": [
                        {
                            "ind": 0,
                            "ty": "sh",
                            "ix": 1,
                            "ks": {
                                "a": 0,
                                "k": {
                                    "i": [
                                        [
                                            0,
                                            0
                                        ],
                                        [
                                            0,
                                            0
                                        ],
                                        [
                                            0,
                                            0
                                        ],
                                        [
                                            0,
                                            0
                                        ]
                                    ],
                                    "o": [
                                        [
                                            0,
                                            0
                                        ],
                                        [
                                            0,
                                            0
                                        ],
                                        [
                                            0,
                                            0
                                        ],
                                        [
                                            0,
                                            0
                                        ]
                                    ],
                                    "v": [
                                        [
                                            -78.344,
                                            107.724
                                        ],
                                        [
                                            78.344,
                                            107.724
                                        ],
                                        [
                                            78.344,
                                            -107.724
                                        ],
                                        [
                                            -78.344,
                                            -107.724
                                        ]
                                    ],
                                    "c": true
                                },
                                "ix": 2
                            },
                            "nm": "Path 1",
                            "mn": "ADBE Vector Shape - Group",
                            "hd": false
                        },
                        {
                            "ty": "st",
                            "c": {
                                "a": 0,
                                "k": [
                                    0.667,
                                            0.447,
                                            0.933
                                ],
                                "ix": 3
                            },
                            "o": {
                                "a": 0,
                                "k": 100,
                                "ix": 4
                            },
                            "w": {
                                "a": 0,
                                "k": 10,
                                "ix": 1
                            },
                            "lc": 2,
                            "lj": 2,
                            "bm": 0,
                            "nm": "Stroke 1",
                            "mn": "ADBE Vector Graphic - Stroke",
                            "hd": false
                        },
                        {
                            "ty": "tr",
                            "p": {
                                "a": 0,
                                "k": [
                                    93.086,
                                    122.087
                                ],
                                "ix": 2
                            },
                            "a": {
                                "a": 0,
                                "k": [
                                    0,
                                    0
                                ],
                                "ix": 1
                            },
                            "s": {
                                "a": 0,
                                "k": [
                                    100,
                                    100
                                ],
                                "ix": 3
                            },
                            "r": {
                                "a": 0,
                                "k": 0,
                                "ix": 6
                            },
                            "o": {
                                "a": 0,
                                "k": 100,
                                "ix": 7
                            },
                            "sk": {
                                "a": 0,
                                "k": 0,
                                "ix": 4
                            },
                            "sa": {
                                "a": 0,
                                "k": 0,
                                "ix": 5
                            },
                            "nm": "Transform"
                        }
                    ],
                    "nm": "Group 1",
                    "np": 2,
                    "cix": 2,
                    "bm": 0,
                    "ix": 1,
                    "mn": "ADBE Vector Group",
                    "hd": false
                }
            ],
            "ip": 0,
            "op": 34.0000013848484,
            "st": 0,
            "bm": 0
        }
    ],
    "markers": []
}