{
    "v": "4.8.0",
    "meta": {
        "g": "LottieFiles AE 1.0.0",
        "a": "Sadjad",
        "k": "home",
        "d": "home circle icon Lottiefiles animated for your design, enjoy!",
        "tc": "none"
    },
    "fr": 10,
    "ip": 0,
    "op": 41,
    "w": 250,
    "h": 250, 
    "nm": "home_lottie",
    "ddd": 0,
    "assets": [],
    "layers": [
        {
            "ddd": 0,
            "ind": 1,
            "ty": 3,
            "nm": "Null 2",
            "sr": 1,
            "ks": {
                "o": {
                    "a": 0,
                    "k": 0,
                    "ix": 11
                },
                "r": {
                    "a": 0,
                    "k": 0,
                    "ix": 10
                },
                "p": {
                    "a": 1,
                    "k": [
                        {
                            "i": {
                                "x": 0.2,
                                "y": 1
                            },
                            "o": {
                                "x": 0.8,
                                "y": 0
                            },
                            "t": 7,
                            "s": [
                                125,
                                125,
                                0
                            ],
                            "to": [
                                -1,
                                0,
                                0
                            ],
                            "ti": [
                                1,
                                0,
                                0
                            ]
                        },
                        {
                            "i": {
                                "x": 0.2,
                                "y": 0.2
                            },
                            "o": {
                                "x": 0.8,
                                "y": 0.8
                            },
                            "t": 16,
                            "s": [
                                119,
                                125,
                                0
                            ],
                            "to": [
                                0,
                                0,
                                0
                            ],
                            "ti": [
                                0,
                                0,
                                0
                            ]
                        },
                        {
                            "i": {
                                "x": 0.2,
                                "y": 1
                            },
                            "o": {
                                "x": 0.8,
                                "y": 0
                            },
                            "t": 25,
                            "s": [
                                119,
                                125,
                                0
                            ],
                            "to": [
                                1,
                                0,
                                0
                            ],
                            "ti": [
                                -1,
                                0,
                                0
                            ]
                        },
                        {
                            "t": 34,
                            "s": [
                                125,
                                125,
                                0
                            ]
                        }
                    ],
                    "ix": 2
                },
                "a": {
                    "a": 0,
                    "k": [
                        0,
                        0,
                        0
                    ],
                    "ix": 1
                },
                "s": {
                    "a": 0,
                    "k": [
                        100,
                        100,
                        100
                    ],
                    "ix": 6
                }
            },
            "ao": 0,
            "ip": 0,
            "op": 241,
            "st": 0,
            "bm": 0
        },
        {
            "ddd": 0,
            "ind": 2,
            "ty": 4,
            "nm": "Shape Layer 1",
            "parent": 1,
            "sr": 1,
            "ks": {
                "o": {
                    "a": 0,
                    "k": 100,
                    "ix": 11
                },
                "r": {
                    "a": 0,
                    "k": 0,
                    "ix": 10
                },
                "p": {
                    "a": 0,
                    "k": [
                        39.25,
                        3.75,
                        0
                    ],
                    "ix": 2
                },
                "a": {
                    "a": 0,
                    "k": [
                        56.25,
                        3.75,
                        0
                    ],
                    "ix": 1
                },
                "s": {
                    "a": 0,
                    "k": [
                        100,
                        100,
                        100
                    ],
                    "ix": 6
                }
            },
            "ao": 0,
            "shapes": [
                {
                    "ty": "gr",
                    "it": [
                        {
                            "ind": 0,
                            "ty": "sh",
                            "ix": 1,
                            "ks": {
                                "a": 1,
                                "k": [
                                    {
                                        "i": {
                                            "x": 0.2,
                                            "y": 1
                                        },
                                        "o": {
                                            "x": 0.8,
                                            "y": 0
                                        },
                                        "t": 7,
                                        "s": [
                                            {
                                                "i": [
                                                    [
                                                        0,
                                                        0
                                                    ],
                                                    [
                                                        0,
                                                        0
                                                    ],
                                                    [
                                                        0,
                                                        0
                                                    ],
                                                    [
                                                        0,
                                                        0
                                                    ],
                                                    [
                                                        16,
                                                        0
                                                    ],
                                                    [
                                                        0,
                                                        0
                                                    ]
                                                ],
                                                "o": [
                                                    [
                                                        0,
                                                        0
                                                    ],
                                                    [
                                                        0,
                                                        0
                                                    ],
                                                    [
                                                        0,
                                                        0
                                                    ],
                                                    [
                                                        0,
                                                        0
                                                    ],
                                                    [
                                                        -16,
                                                        0
                                                    ],
                                                    [
                                                        0,
                                                        0
                                                    ]
                                                ],
                                                "v": [
                                                    [
                                                        17.5,
                                                        -83.25
                                                    ],
                                                    [
                                                        17.5,
                                                        -83.5
                                                    ],
                                                    [
                                                        92,
                                                        -24.5
                                                    ],
                                                    [
                                                        91.5,
                                                        71
                                                    ],
                                                    [
                                                        75,
                                                        83
                                                    ],
                                                    [
                                                        32.5,
                                                        83
                                                    ]
                                                ],
                                                "c": false
                                            }
                                        ]
                                    },
                                    {
                                        "i": {
                                            "x": 0.2,
                                            "y": 1
                                        },
                                        "o": {
                                            "x": 0.8,
                                            "y": 0
                                        },
                                        "t": 16,
                                        "s": [
                                            {
                                                "i": [
                                                    [
                                                        0,
                                                        0
                                                    ],
                                                    [
                                                        0,
                                                        0
                                                    ],
                                                    [
                                                        0,
                                                        0
                                                    ],
                                                    [
                                                        0,
                                                        0
                                                    ],
                                                    [
                                                        16,
                                                        0
                                                    ],
                                                    [
                                                        0,
                                                        0
                                                    ]
                                                ],
                                                "o": [
                                                    [
                                                        0,
                                                        0
                                                    ],
                                                    [
                                                        0,
                                                        0
                                                    ],
                                                    [
                                                        0,
                                                        0
                                                    ],
                                                    [
                                                        0,
                                                        0
                                                    ],
                                                    [
                                                        -16,
                                                        0
                                                    ],
                                                    [
                                                        0,
                                                        0
                                                    ]
                                                ],
                                                "v": [
                                                    [
                                                        0.5,
                                                        -73
                                                    ],
                                                    [
                                                        44,
                                                        -73
                                                    ],
                                                    [
                                                        110,
                                                        -12
                                                    ],
                                                    [
                                                        110,
                                                        66.5
                                                    ],
                                                    [
                                                        93.5,
                                                        78.5
                                                    ],
                                                    [
                                                        51,
                                                        78.5
                                                    ]
                                                ],
                                                "c": false
                                            }
                                        ]
                                    },
                                    {
                                        "i": {
                                            "x": 0.2,
                                            "y": 1
                                        },
                                        "o": {
                                            "x": 0.8,
                                            "y": 0
                                        },
                                        "t": 25,
                                        "s": [
                                            {
                                                "i": [
                                                    [
                                                        0,
                                                        0
                                                    ],
                                                    [
                                                        0,
                                                        0
                                                    ],
                                                    [
                                                        0,
                                                        0
                                                    ],
                                                    [
                                                        0,
                                                        0
                                                    ],
                                                    [
                                                        16,
                                                        0
                                                    ],
                                                    [
                                                        0,
                                                        0
                                                    ]
                                                ],
                                                "o": [
                                                    [
                                                        0,
                                                        0
                                                    ],
                                                    [
                                                        0,
                                                        0
                                                    ],
                                                    [
                                                        0,
                                                        0
                                                    ],
                                                    [
                                                        0,
                                                        0
                                                    ],
                                                    [
                                                        -16,
                                                        0
                                                    ],
                                                    [
                                                        0,
                                                        0
                                                    ]
                                                ],
                                                "v": [
                                                    [
                                                        0.5,
                                                        -73
                                                    ],
                                                    [
                                                        44,
                                                        -73
                                                    ],
                                                    [
                                                        110,
                                                        -12
                                                    ],
                                                    [
                                                        110,
                                                        66.5
                                                    ],
                                                    [
                                                        93.5,
                                                        78.5
                                                    ],
                                                    [
                                                        51,
                                                        78.5
                                                    ]
                                                ],
                                                "c": false
                                            }
                                        ]
                                    },
                                    {
                                        "t": 34,
                                        "s": [
                                            {
                                                "i": [
                                                    [
                                                        0,
                                                        0
                                                    ],
                                                    [
                                                        0,
                                                        0
                                                    ],
                                                    [
                                                        0,
                                                        0
                                                    ],
                                                    [
                                                        0,
                                                        0
                                                    ],
                                                    [
                                                        16,
                                                        0
                                                    ],
                                                    [
                                                        0,
                                                        0
                                                    ]
                                                ],
                                                "o": [
                                                    [
                                                        0,
                                                        0
                                                    ],
                                                    [
                                                        0,
                                                        0
                                                    ],
                                                    [
                                                        0,
                                                        0
                                                    ],
                                                    [
                                                        0,
                                                        0
                                                    ],
                                                    [
                                                        -16,
                                                        0
                                                    ],
                                                    [
                                                        0,
                                                        0
                                                    ]
                                                ],
                                                "v": [
                                                    [
                                                        17.5,
                                                        -83.25
                                                    ],
                                                    [
                                                        17.5,
                                                        -83.5
                                                    ],
                                                    [
                                                        92,
                                                        -24.5
                                                    ],
                                                    [
                                                        91.5,
                                                        71
                                                    ],
                                                    [
                                                        75,
                                                        83
                                                    ],
                                                    [
                                                        32.5,
                                                        83
                                                    ]
                                                ],
                                                "c": false
                                            }
                                        ]
                                    }
                                ],
                                "ix": 2
                            },
                            "nm": "Path 1",
                            "mn": "ADBE Vector Shape - Group",
                            "hd": false
                        },
                        {
                            "ty": "st",
                            "c": {
                                "a": 0,
                                "k": [
                                    0.4941,
                                    0.1804,
                                    0.9373,
                                    1
                                ],
                                "ix": 3
                            },
                            "o": {
                                "a": 0,
                                "k": 100,
                                "ix": 4
                            },
                            "w": {
                                "a": 0,
                                "k": 8,
                                "ix": 1
                            },
                            "lc": 2,
                            "lj": 2,
                            "bm": 0,
                            "nm": "Stroke 1",
                            "mn": "ADBE Vector Graphic - Stroke",
                            "hd": false
                        },
                        {
                            "ty": "tr",
                            "p": {
                                "a": 0,
                                "k": [
                                    0,
                                    0
                                ],
                                "ix": 2
                            },
                            "a": {
                                "a": 0,
                                "k": [
                                    0,
                                    0
                                ],
                                "ix": 1
                            },
                            "s": {
                                "a": 0,
                                "k": [
                                    100,
                                    100
                                ],
                                "ix": 3
                            },
                            "r": {
                                "a": 0,
                                "k": 0,
                                "ix": 6
                            },
                            "o": {
                                "a": 0,
                                "k": 100,
                                "ix": 7
                            },
                            "sk": {
                                "a": 0,
                                "k": 0,
                                "ix": 4
                            },
                            "sa": {
                                "a": 0,
                                "k": 0,
                                "ix": 5
                            },
                            "nm": "Transform"
                        }
                    ],
                    "nm": "Shape 1",
                    "np": 3,
                    "cix": 2,
                    "bm": 0,
                    "ix": 1,
                    "mn": "ADBE Vector Group",
                    "hd": false
                }
            ],
            "ip": 0,
            "op": 230,
            "st": 16,
            "bm": 0
        },
        {
            "ddd": 0,
            "ind": 3,
            "ty": 3,
            "nm": "Null 1",
            "parent": 1,
            "sr": 1,
            "ks": {
                "o": {
                    "a": 0,
                    "k": 0,
                    "ix": 11
                },
                "r": {
                    "a": 0,
                    "k": 0,
                    "ix": 10
                },
                "p": {
                    "a": 1,
                    "k": [
                        {
                            "i": {
                                "x": 0.2,
                                "y": 1
                            },
                            "o": {
                                "x": 0.8,
                                "y": 0
                            },
                            "t": 7,
                            "s": [
                                0,
                                0,
                                0
                            ],
                            "to": [
                                -3,
                                3,
                                0
                            ],
                            "ti": [
                                3,
                                -3,
                                0
                            ]
                        },
                        {
                            "i": {
                                "x": 0.2,
                                "y": 0.2
                            },
                            "o": {
                                "x": 0.8,
                                "y": 0.8
                            },
                            "t": 16,
                            "s": [
                                -18,
                                18,
                                0
                            ],
                            "to": [
                                0,
                                0,
                                0
                            ],
                            "ti": [
                                0,
                                0,
                                0
                            ]
                        },
                        {
                            "i": {
                                "x": 0.2,
                                "y": 1
                            },
                            "o": {
                                "x": 0.8,
                                "y": 0
                            },
                            "t": 25,
                            "s": [
                                -18,
                                18,
                                0
                            ],
                            "to": [
                                3,
                                -3,
                                0
                            ],
                            "ti": [
                                -3,
                                3,
                                0
                            ]
                        },
                        {
                            "t": 34,
                            "s": [
                                0,
                                0,
                                0
                            ]
                        }
                    ],
                    "ix": 2
                },
                "a": {
                    "a": 0,
                    "k": [
                        0,
                        0,
                        0
                    ],
                    "ix": 1
                },
                "s": {
                    "a": 0,
                    "k": [
                        100,
                        100,
                        100
                    ],
                    "ix": 6
                }
            },
            "ao": 0,
            "ip": 0,
            "op": 241,
            "st": 0,
            "bm": 0
        },
        {
            "ddd": 0,
            "ind": 4,
            "ty": 4,
            "nm": "door",
            "parent": 3,
            "sr": 1,
            "ks": {
                "o": {
                    "a": 0,
                    "k": 100,
                    "ix": 11
                },
                "r": {
                    "a": 0,
                    "k": 0,
                    "ix": 10
                },
                "p": {
                    "a": 0,
                    "k": [
                        0,
                        41.667,
                        0
                    ],
                    "ix": 2
                },
                "a": {
                    "a": 0,
                    "k": [
                        79.168,
                        95.834,
                        0
                    ],
                    "ix": 1
                },
                "s": {
                    "a": 0,
                    "k": [
                        100,
                        100,
                        100
                    ],
                    "ix": 6
                }
            },
            "ao": 0,
            "shapes": [
                {
                    "ty": "gr",
                    "it": [
                        {
                            "ind": 0,
                            "ty": "sh",
                            "ix": 1,
                            "ks": {
                                "a": 1,
                                "k": [
                                    {
                                        "i": {
                                            "x": 0.2,
                                            "y": 1
                                        },
                                        "o": {
                                            "x": 0.8,
                                            "y": 0
                                        },
                                        "t": 7,
                                        "s": [
                                            {
                                                "i": [
                                                    [
                                                        0,
                                                        0
                                                    ],
                                                    [
                                                        0,
                                                        0
                                                    ],
                                                    [
                                                        0,
                                                        0
                                                    ],
                                                    [
                                                        0,
                                                        0
                                                    ]
                                                ],
                                                "o": [
                                                    [
                                                        0,
                                                        0
                                                    ],
                                                    [
                                                        0,
                                                        0
                                                    ],
                                                    [
                                                        0,
                                                        0
                                                    ],
                                                    [
                                                        0,
                                                        0
                                                    ]
                                                ],
                                                "v": [
                                                    [
                                                        -25,
                                                        41.667
                                                    ],
                                                    [
                                                        -25,
                                                        -41.667
                                                    ],
                                                    [
                                                        25,
                                                        -41.667
                                                    ],
                                                    [
                                                        25,
                                                        41.667
                                                    ]
                                                ],
                                                "c": false
                                            }
                                        ]
                                    },
                                    {
                                        "i": {
                                            "x": 0.2,
                                            "y": 1
                                        },
                                        "o": {
                                            "x": 0.8,
                                            "y": 0
                                        },
                                        "t": 16,
                                        "s": [
                                            {
                                                "i": [
                                                    [
                                                        0,
                                                        0
                                                    ],
                                                    [
                                                        0,
                                                        0
                                                    ],
                                                    [
                                                        0,
                                                        0
                                                    ],
                                                    [
                                                        0,
                                                        0
                                                    ]
                                                ],
                                                "o": [
                                                    [
                                                        0,
                                                        0
                                                    ],
                                                    [
                                                        0,
                                                        0
                                                    ],
                                                    [
                                                        0,
                                                        0
                                                    ],
                                                    [
                                                        0,
                                                        0
                                                    ]
                                                ],
                                                "v": [
                                                    [
                                                        -17.668,
                                                        13.165
                                                    ],
                                                    [
                                                        -17.503,
                                                        -38.168
                                                    ],
                                                    [
                                                        17.997,
                                                        -38.001
                                                    ],
                                                    [
                                                        17.832,
                                                        13.332
                                                    ]
                                                ],
                                                "c": false
                                            }
                                        ]
                                    },
                                    {
                                        "i": {
                                            "x": 0.2,
                                            "y": 1
                                        },
                                        "o": {
                                            "x": 0.8,
                                            "y": 0
                                        },
                                        "t": 25,
                                        "s": [
                                            {
                                                "i": [
                                                    [
                                                        0,
                                                        0
                                                    ],
                                                    [
                                                        0,
                                                        0
                                                    ],
                                                    [
                                                        0,
                                                        0
                                                    ],
                                                    [
                                                        0,
                                                        0
                                                    ]
                                                ],
                                                "o": [
                                                    [
                                                        0,
                                                        0
                                                    ],
                                                    [
                                                        0,
                                                        0
                                                    ],
                                                    [
                                                        0,
                                                        0
                                                    ],
                                                    [
                                                        0,
                                                        0
                                                    ]
                                                ],
                                                "v": [
                                                    [
                                                        -17.668,
                                                        13.165
                                                    ],
                                                    [
                                                        -17.503,
                                                        -38.168
                                                    ],
                                                    [
                                                        17.997,
                                                        -38.001
                                                    ],
                                                    [
                                                        17.832,
                                                        13.332
                                                    ]
                                                ],
                                                "c": false
                                            }
                                        ]
                                    },
                                    {
                                        "t": 34,
                                        "s": [
                                            {
                                                "i": [
                                                    [
                                                        0,
                                                        0
                                                    ],
                                                    [
                                                        0,
                                                        0
                                                    ],
                                                    [
                                                        0,
                                                        0
                                                    ],
                                                    [
                                                        0,
                                                        0
                                                    ]
                                                ],
                                                "o": [
                                                    [
                                                        0,
                                                        0
                                                    ],
                                                    [
                                                        0,
                                                        0
                                                    ],
                                                    [
                                                        0,
                                                        0
                                                    ],
                                                    [
                                                        0,
                                                        0
                                                    ]
                                                ],
                                                "v": [
                                                    [
                                                        -25,
                                                        41.667
                                                    ],
                                                    [
                                                        -25,
                                                        -41.667
                                                    ],
                                                    [
                                                        25,
                                                        -41.667
                                                    ],
                                                    [
                                                        25,
                                                        41.667
                                                    ]
                                                ],
                                                "c": false
                                            }
                                        ]
                                    }
                                ],
                                "ix": 2
                            },
                            "nm": "Path 1",
                            "mn": "ADBE Vector Shape - Group",
                            "hd": false
                        },
                        {
                            "ty": "st",
                            "c": {
                                "a": 0,
                                "k": [
                                    0.667,
                                    0.447,
                                    0.933
                                ],
                                "ix": 3
                            },
                            "o": {
                                "a": 0,
                                "k": 100,
                                "ix": 4
                            },
                            "w": {
                                "a": 0,
                                "k": 8,
                                "ix": 1
                            },
                            "lc": 2,
                            "lj": 2,
                            "bm": 0,
                            "nm": "Stroke 1",
                            "mn": "ADBE Vector Graphic - Stroke",
                            "hd": false
                        },
                        {
                            "ty": "tr",
                            "p": {
                                "a": 0,
                                "k": [
                                    79.168,
                                    95.834
                                ],
                                "ix": 2
                            },
                            "a": {
                                "a": 0,
                                "k": [
                                    0,
                                    0
                                ],
                                "ix": 1
                            },
                            "s": {
                                "a": 0,
                                "k": [
                                    100,
                                    100
                                ],
                                "ix": 3
                            },
                            "r": {
                                "a": 0,
                                "k": 0,
                                "ix": 6
                            },
                            "o": {
                                "a": 0,
                                "k": 100,
                                "ix": 7
                            },
                            "sk": {
                                "a": 0,
                                "k": 0,
                                "ix": 4
                            },
                            "sa": {
                                "a": 0,
                                "k": 0,
                                "ix": 5
                            },
                            "nm": "Transform"
                        }
                    ],
                    "nm": "Group 1",
                    "np": 2,
                    "cix": 2,
                    "bm": 0,
                    "ix": 1,
                    "mn": "ADBE Vector Group",
                    "hd": false
                }
            ],
            "ip": 0,
            "op": 241,
            "st": 0,
            "bm": 0
        },
        {
            "ddd": 0,
            "ind": 5,
            "ty": 4,
            "nm": "home",
            "parent": 3,
            "sr": 1,
            "ks": {
                "o": {
                    "a": 0,
                    "k": 100,
                    "ix": 11
                },
                "r": {
                    "a": 0,
                    "k": 0,
                    "ix": 10
                },
                "p": {
                    "a": 0,
                    "k": [
                        0,
                        0,
                        0
                    ],
                    "ix": 2
                },
                "a": {
                    "a": 0,
                    "k": [
                        129.168,
                        137.501,
                        0
                    ],
                    "ix": 1
                },
                "s": {
                    "a": 0,
                    "k": [
                        100,
                        100,
                        100
                    ],
                    "ix": 6
                }
            },
            "ao": 0,
            "shapes": [
                {
                    "ty": "gr",
                    "it": [
                        {
                            "ind": 0,
                            "ty": "sh",
                            "ix": 1,
                            "ks": {
                                "a": 1,
                                "k": [
                                    {
                                        "i": {
                                            "x": 0.2,
                                            "y": 1
                                        },
                                        "o": {
                                            "x": 0.8,
                                            "y": 0
                                        },
                                        "t": 7,
                                        "s": [
                                            {
                                                "i": [
                                                    [
                                                        0,
                                                        0
                                                    ],
                                                    [
                                                        0,
                                                        0
                                                    ],
                                                    [
                                                        0,
                                                        0
                                                    ],
                                                    [
                                                        0,
                                                        0
                                                    ],
                                                    [
                                                        9.205,
                                                        0
                                                    ],
                                                    [
                                                        0,
                                                        0
                                                    ],
                                                    [
                                                        0,
                                                        9.204
                                                    ]
                                                ],
                                                "o": [
                                                    [
                                                        0,
                                                        0
                                                    ],
                                                    [
                                                        0,
                                                        0
                                                    ],
                                                    [
                                                        0,
                                                        0
                                                    ],
                                                    [
                                                        0,
                                                        9.204
                                                    ],
                                                    [
                                                        0,
                                                        0
                                                    ],
                                                    [
                                                        -9.205,
                                                        0
                                                    ],
                                                    [
                                                        0,
                                                        0
                                                    ]
                                                ],
                                                "v": [
                                                    [
                                                        -75,
                                                        -25
                                                    ],
                                                    [
                                                        0,
                                                        -83.333
                                                    ],
                                                    [
                                                        75,
                                                        -25
                                                    ],
                                                    [
                                                        75,
                                                        66.667
                                                    ],
                                                    [
                                                        58.333,
                                                        83.333
                                                    ],
                                                    [
                                                        -58.333,
                                                        83.333
                                                    ],
                                                    [
                                                        -75,
                                                        66.667
                                                    ]
                                                ],
                                                "c": true
                                            }
                                        ]
                                    },
                                    {
                                        "i": {
                                            "x": 0.2,
                                            "y": 1
                                        },
                                        "o": {
                                            "x": 0.8,
                                            "y": 0
                                        },
                                        "t": 16,
                                        "s": [
                                            {
                                                "i": [
                                                    [
                                                        0,
                                                        0
                                                    ],
                                                    [
                                                        0,
                                                        0
                                                    ],
                                                    [
                                                        0,
                                                        0
                                                    ],
                                                    [
                                                        0,
                                                        0
                                                    ],
                                                    [
                                                        9.205,
                                                        0
                                                    ],
                                                    [
                                                        0,
                                                        0
                                                    ],
                                                    [
                                                        0,
                                                        9.204
                                                    ]
                                                ],
                                                "o": [
                                                    [
                                                        0,
                                                        0
                                                    ],
                                                    [
                                                        0,
                                                        0
                                                    ],
                                                    [
                                                        0,
                                                        0
                                                    ],
                                                    [
                                                        0,
                                                        9.204
                                                    ],
                                                    [
                                                        0,
                                                        0
                                                    ],
                                                    [
                                                        -9.205,
                                                        0
                                                    ],
                                                    [
                                                        0,
                                                        0
                                                    ]
                                                ],
                                                "v": [
                                                    [
                                                        -64,
                                                        -25.168
                                                    ],
                                                    [
                                                        -0.168,
                                                        -91.333
                                                    ],
                                                    [
                                                        75,
                                                        -25
                                                    ],
                                                    [
                                                        74.832,
                                                        43.667
                                                    ],
                                                    [
                                                        58.165,
                                                        60.333
                                                    ],
                                                    [
                                                        -47.501,
                                                        60.165
                                                    ],
                                                    [
                                                        -64.168,
                                                        43.499
                                                    ]
                                                ],
                                                "c": true
                                            }
                                        ]
                                    },
                                    {
                                        "i": {
                                            "x": 0.2,
                                            "y": 1
                                        },
                                        "o": {
                                            "x": 0.8,
                                            "y": 0
                                        },
                                        "t": 25,
                                        "s": [
                                            {
                                                "i": [
                                                    [
                                                        0,
                                                        0
                                                    ],
                                                    [
                                                        0,
                                                        0
                                                    ],
                                                    [
                                                        0,
                                                        0
                                                    ],
                                                    [
                                                        0,
                                                        0
                                                    ],
                                                    [
                                                        9.205,
                                                        0
                                                    ],
                                                    [
                                                        0,
                                                        0
                                                    ],
                                                    [
                                                        0,
                                                        9.204
                                                    ]
                                                ],
                                                "o": [
                                                    [
                                                        0,
                                                        0
                                                    ],
                                                    [
                                                        0,
                                                        0
                                                    ],
                                                    [
                                                        0,
                                                        0
                                                    ],
                                                    [
                                                        0,
                                                        9.204
                                                    ],
                                                    [
                                                        0,
                                                        0
                                                    ],
                                                    [
                                                        -9.205,
                                                        0
                                                    ],
                                                    [
                                                        0,
                                                        0
                                                    ]
                                                ],
                                                "v": [
                                                    [
                                                        -64,
                                                        -25.168
                                                    ],
                                                    [
                                                        -0.168,
                                                        -91.333
                                                    ],
                                                    [
                                                        75,
                                                        -25
                                                    ],
                                                    [
                                                        74.832,
                                                        43.667
                                                    ],
                                                    [
                                                        58.165,
                                                        60.333
                                                    ],
                                                    [
                                                        -47.501,
                                                        60.165
                                                    ],
                                                    [
                                                        -64.168,
                                                        43.499
                                                    ]
                                                ],
                                                "c": true
                                            }
                                        ]
                                    },
                                    {
                                        "t": 34,
                                        "s": [
                                            {
                                                "i": [
                                                    [
                                                        0,
                                                        0
                                                    ],
                                                    [
                                                        0,
                                                        0
                                                    ],
                                                    [
                                                        0,
                                                        0
                                                    ],
                                                    [
                                                        0,
                                                        0
                                                    ],
                                                    [
                                                        9.205,
                                                        0
                                                    ],
                                                    [
                                                        0,
                                                        0
                                                    ],
                                                    [
                                                        0,
                                                        9.204
                                                    ]
                                                ],
                                                "o": [
                                                    [
                                                        0,
                                                        0
                                                    ],
                                                    [
                                                        0,
                                                        0
                                                    ],
                                                    [
                                                        0,
                                                        0
                                                    ],
                                                    [
                                                        0,
                                                        9.204
                                                    ],
                                                    [
                                                        0,
                                                        0
                                                    ],
                                                    [
                                                        -9.205,
                                                        0
                                                    ],
                                                    [
                                                        0,
                                                        0
                                                    ]
                                                ],
                                                "v": [
                                                    [
                                                        -75,
                                                        -25
                                                    ],
                                                    [
                                                        0,
                                                        -83.333
                                                    ],
                                                    [
                                                        75,
                                                        -25
                                                    ],
                                                    [
                                                        75,
                                                        66.667
                                                    ],
                                                    [
                                                        58.333,
                                                        83.333
                                                    ],
                                                    [
                                                        -58.333,
                                                        83.333
                                                    ],
                                                    [
                                                        -75,
                                                        66.667
                                                    ]
                                                ],
                                                "c": true
                                            }
                                        ]
                                    }
                                ],
                                "ix": 2
                            },
                            "nm": "Path 1",
                            "mn": "ADBE Vector Shape - Group",
                            "hd": false
                        },
                        {
                            "ty": "st",
                            "c": {
                                "a": 0,
                                "k": [
                                    0.49,
                                    0.18,
                                    0.937
                                ],
                                "ix": 3
                            },
                            "o": {
                                "a": 0,
                                "k": 100,
                                "ix": 4
                            },
                            "w": {
                                "a": 0,
                                "k": 8,
                                "ix": 1
                            },
                            "lc": 2,
                            "lj": 2,
                            "bm": 0,
                            "nm": "Stroke 1",
                            "mn": "ADBE Vector Graphic - Stroke",
                            "hd": false
                        },
                        {
                            "ty": "tr",
                            "p": {
                                "a": 0,
                                "k": [
                                    129.168,
                                    137.501
                                ],
                                "ix": 2
                            },
                            "a": {
                                "a": 0,
                                "k": [
                                    0,
                                    0
                                ],
                                "ix": 1
                            },
                            "s": {
                                "a": 0,
                                "k": [
                                    100,
                                    100
                                ],
                                "ix": 3
                            },
                            "r": {
                                "a": 0,
                                "k": 0,
                                "ix": 6
                            },
                            "o": {
                                "a": 0,
                                "k": 100,
                                "ix": 7
                            },
                            "sk": {
                                "a": 0,
                                "k": 0,
                                "ix": 4
                            },
                            "sa": {
                                "a": 0,
                                "k": 0,
                                "ix": 5
                            },
                            "nm": "Transform"
                        }
                    ],
                    "nm": "Group 1",
                    "np": 2,
                    "cix": 2,
                    "bm": 0,
                    "ix": 1,
                    "mn": "ADBE Vector Group",
                    "hd": false
                }
            ],
            "ip": 0,
            "op": 241,
            "st": 0,
            "bm": 0
        }
    ],
    "markers": []
}