{"v":"5.7.4","fr":25,"ip":0,"op":76,"w":250,"h":250,"nm":"Comp 96","ddd":0,"assets":[],"layers":[{"ddd":0,"ind":1,"ty":4,"nm":"Layer 2","sr":1,"ks":{"o":{"a":0,"k":100,"ix":11},"r":{"a":1,"k":[{"i":{"x":[0.833],"y":[0.833]},"o":{"x":[0.167],"y":[0.167]},"t":51,"s":[0]},{"i":{"x":[0.833],"y":[0.833]},"o":{"x":[0.167],"y":[0.167]},"t":53.6,"s":[7.2]},{"i":{"x":[0.833],"y":[0.833]},"o":{"x":[0.167],"y":[0.167]},"t":56.2,"s":[-7.2]},{"i":{"x":[0.833],"y":[0.833]},"o":{"x":[0.167],"y":[0.167]},"t":58.8,"s":[7.2]},{"i":{"x":[0.833],"y":[0.833]},"o":{"x":[0.167],"y":[0.167]},"t":61.4,"s":[-7.2]},{"t":64,"s":[0]}],"ix":10},"p":{"a":1,"k":[{"i":{"x":0.95,"y":1},"o":{"x":1,"y":0},"t":0,"s":[124.948,84.053,0],"to":[0,0,0],"ti":[0,0,0]},{"i":{"x":0.95,"y":1},"o":{"x":1,"y":0},"t":10.088,"s":[175.448,84.053,0],"to":[0,0,0],"ti":[0,0,0]},{"i":{"x":0.95,"y":1},"o":{"x":1,"y":0},"t":20.736,"s":[124.948,84.053,0],"to":[0,0,0],"ti":[0,0,0]},{"i":{"x":0.95,"y":0.95},"o":{"x":0.167,"y":0.167},"t":31.945,"s":[74.948,84.053,0],"to":[0,0,0],"ti":[0,0,0]},{"i":{"x":0.95,"y":1},"o":{"x":0.167,"y":0},"t":42.033,"s":[74.948,84.053,0],"to":[0,0,0],"ti":[0,0,0]},{"t":51,"s":[124.948,84.053,0]}],"ix":2,"l":2},"a":{"a":0,"k":[-0.052,-54.447,0],"ix":1,"l":2},"s":{"a":0,"k":[100,100,100],"ix":6,"l":2}},"ao":0,"shapes":[{"ty":"gr","it":[{"ind":0,"ty":"sh","ix":1,"ks":{"a":0,"k":{"i":[[0,-24.054],[24.054,0],[0,24.054],[-24.054,0]],"o":[[0,24.054],[-24.054,0],[0,-24.054],[24.054,0]],"v":[[43.502,-54.447],[-0.052,-10.893],[-43.606,-54.447],[-0.052,-98]],"c":true},"ix":2},"nm":"Path 1","mn":"ADBE Vector Shape - Group","hd":false},{"ty":"st","c":{"a":0,"k":[0.4941,0.1804,0.9373,1],"ix":3},"o":{"a":0,"k":100,"ix":4},"w":{"a":0,"k":18,"ix":5},"lc":2,"lj":2,"bm":0,"nm":"Stroke 1","mn":"ADBE Vector Graphic - Stroke","hd":false},{"ty":"tr","p":{"a":0,"k":[0,0],"ix":2},"a":{"a":0,"k":[0,0],"ix":1},"s":{"a":0,"k":[100,100],"ix":3},"r":{"a":0,"k":0,"ix":6},"o":{"a":0,"k":100,"ix":7},"sk":{"a":0,"k":0,"ix":4},"sa":{"a":0,"k":0,"ix":5},"nm":"Transform"}],"nm":"Group 1","np":2,"cix":2,"bm":0,"ix":1,"mn":"ADBE Vector Group","hd":false}],"ip":0,"op":250,"st":0,"bm":0},{"ddd":0,"ind":2,"ty":4,"nm":"Layer 1","sr":1,"ks":{"o":{"a":0,"k":100,"ix":11},"r":{"a":1,"k":[{"i":{"x":[0.833],"y":[0.833]},"o":{"x":[0.167],"y":[0.167]},"t":51,"s":[0]},{"i":{"x":[0.833],"y":[0.833]},"o":{"x":[0.167],"y":[0.167]},"t":53.6,"s":[7.2]},{"i":{"x":[0.833],"y":[0.833]},"o":{"x":[0.167],"y":[0.167]},"t":56.2,"s":[-7.2]},{"i":{"x":[0.833],"y":[0.833]},"o":{"x":[0.167],"y":[0.167]},"t":58.8,"s":[7.2]},{"i":{"x":[0.833],"y":[0.833]},"o":{"x":[0.167],"y":[0.167]},"t":61.4,"s":[-7.2]},{"t":64,"s":[0]}],"ix":10},"p":{"a":0,"k":[125,125,0],"ix":2,"l":2},"a":{"a":0,"k":[0,0,0],"ix":1,"l":2},"s":{"a":0,"k":[100,100,100],"ix":6,"l":2}},"ao":0,"shapes":[{"ty":"gr","it":[{"ind":0,"ty":"sh","ix":1,"ks":{"a":0,"k":{"i":[[0,-6.539],[0,0],[0,0],[0,0],[6.402,4.246],[50.372,-33.481]],"o":[[0,0],[0,0],[0,0],[0,-6.547],[-50.479,-33.482],[-6.389,4.247]],"v":[[-97.941,74.708],[-97.941,98],[97.941,98],[97.941,74.723],[87.675,57.784],[-87.696,57.782]],"c":true},"ix":2},"nm":"Path 1","mn":"ADBE Vector Shape - Group","hd":false},{"ty":"st","c":{"a":0,"k":[0.4941,0.1804,0.9373,1],"ix":3},"o":{"a":0,"k":100,"ix":4},"w":{"a":0,"k":18,"ix":5},"lc":2,"lj":2,"bm":0,"nm":"Stroke 1","mn":"ADBE Vector Graphic - Stroke","hd":false},{"ty":"tr","p":{"a":0,"k":[0,0],"ix":2},"a":{"a":0,"k":[0,0],"ix":1},"s":{"a":0,"k":[100,100],"ix":3},"r":{"a":0,"k":0,"ix":6},"o":{"a":0,"k":100,"ix":7},"sk":{"a":0,"k":0,"ix":4},"sa":{"a":0,"k":0,"ix":5},"nm":"Transform"}],"nm":"Group 1","np":2,"cix":2,"bm":0,"ix":1,"mn":"ADBE Vector Group","hd":false}],"ip":0,"op":250,"st":0,"bm":0}],"markers":[]}