{
    "v": "4.8.0",
    "meta": {
        "g": "LottieFiles AE 3.0.2",
        "a": "",
        "k": "",
        "d": "",
        "tc": ""
    },
    "fr": 30,
    "ip": 0,
    "op": 60,
    "w": 500,
    "h": 500,
    "nm": "UserIcon_12",
    "ddd": 0,
    "assets": [],
    "layers": [
        {
            "ddd": 0,
            "ind": 1,
            "ty": 4,
            "nm": "Layer 1 Outlines",
            "sr": 1,
            "ks": {
                "o": {
                    "a": 0,
                    "k": 100,
                    "ix": 11
                },
                "r": {
                    "a": 0,
                    "k": 0,
                    "ix": 10
                },
                "p": {
                    "a": 0,
                    "k": [
                        250,
                        250,
                        0
                    ],
                    "ix": 2
                },
                "a": {
                    "a": 0,
                    "k": [
                        207.75,
                        164.417,
                        0
                    ],
                    "ix": 1
                },
                "s": {
                    "a": 0,
                    "k": [
                        100,
                        100,
                        100
                    ],
                    "ix": 6
                }
            },
            "ao": 0,
            "shapes": [
                {
                    "ty": "gr",
                    "it": [
                        {
                            "ind": 0,
                            "ty": "sh",
                            "ix": 1,
                            "ks": {
                                "a": 0,
                                "k": {
                                    "i": [
                                        [
                                            0,
                                            0
                                        ],
                                        [
                                            0,
                                            -17.001
                                        ],
                                        [
                                            0,
                                            0
                                        ],
                                        [
                                            -17.001,
                                            0
                                        ],
                                        [
                                            0,
                                            0
                                        ],
                                        [
                                            0,
                                            17.001
                                        ],
                                        [
                                            0,
                                            0
                                        ],
                                        [
                                            17.001,
                                            0
                                        ]
                                    ],
                                    "o": [
                                        [
                                            -17.001,
                                            0
                                        ],
                                        [
                                            0,
                                            0
                                        ],
                                        [
                                            0,
                                            17.001
                                        ],
                                        [
                                            0,
                                            0
                                        ],
                                        [
                                            17.001,
                                            0
                                        ],
                                        [
                                            0,
                                            0
                                        ],
                                        [
                                            0,
                                            -17.001
                                        ],
                                        [
                                            0,
                                            0
                                        ]
                                    ],
                                    "v": [
                                        [
                                            -151.667,
                                            -139.167
                                        ],
                                        [
                                            -182.5,
                                            -108.333
                                        ],
                                        [
                                            -182.5,
                                            108.333
                                        ],
                                        [
                                            -151.667,
                                            139.167
                                        ],
                                        [
                                            151.666,
                                            139.167
                                        ],
                                        [
                                            182.5,
                                            108.333
                                        ],
                                        [
                                            182.5,
                                            -108.333
                                        ],
                                        [
                                            151.666,
                                            -139.167
                                        ]
                                    ],
                                    "c": true
                                },
                                "ix": 2
                            },
                            "nm": "Path 1",
                            "mn": "ADBE Vector Shape - Group",
                            "hd": false
                        },
                        {
                            "ind": 1,
                            "ty": "sh",
                            "ix": 2,
                            "ks": {
                                "a": 0,
                                "k": {
                                    "i": [
                                        [
                                            30.787,
                                            0
                                        ],
                                        [
                                            0,
                                            0
                                        ],
                                        [
                                            0,
                                            30.787
                                        ],
                                        [
                                            0,
                                            0
                                        ],
                                        [
                                            -30.787,
                                            0
                                        ],
                                        [
                                            0,
                                            0
                                        ],
                                        [
                                            0,
                                            -30.787
                                        ],
                                        [
                                            0,
                                            0
                                        ]
                                    ],
                                    "o": [
                                        [
                                            0,
                                            0
                                        ],
                                        [
                                            -30.787,
                                            0
                                        ],
                                        [
                                            0,
                                            0
                                        ],
                                        [
                                            0,
                                            -30.787
                                        ],
                                        [
                                            0,
                                            0
                                        ],
                                        [
                                            30.787,
                                            0
                                        ],
                                        [
                                            0,
                                            0
                                        ],
                                        [
                                            0,
                                            30.787
                                        ]
                                    ],
                                    "v": [
                                        [
                                            151.666,
                                            164.167
                                        ],
                                        [
                                            -151.667,
                                            164.167
                                        ],
                                        [
                                            -207.5,
                                            108.333
                                        ],
                                        [
                                            -207.5,
                                            -108.333
                                        ],
                                        [
                                            -151.667,
                                            -164.167
                                        ],
                                        [
                                            151.666,
                                            -164.167
                                        ],
                                        [
                                            207.5,
                                            -108.333
                                        ],
                                        [
                                            207.5,
                                            108.333
                                        ]
                                    ],
                                    "c": true
                                },
                                "ix": 2
                            },
                            "nm": "Path 2",
                            "mn": "ADBE Vector Shape - Group",
                            "hd": false
                        },
                        {
                            "ty": "mm",
                            "mm": 1,
                            "nm": "Merge Paths 1",
                            "mn": "ADBE Vector Filter - Merge",
                            "hd": false
                        },
                        {
                            "ty": "fl",
                            "c": {
                                "a": 0,
                                "k": [
                                    0.4941,
                                    0.1804,
                                    0.9373,
                                    1
                                ],
                                "ix": 4
                            },
                            "o": {
                                "a": 0,
                                "k": 100,
                                "ix": 5
                            },
                            "r": 1,
                            "bm": 0,
                            "nm": "Fill 1",
                            "mn": "ADBE Vector Graphic - Fill",
                            "hd": false
                        },
                        {
                            "ty": "tr",
                            "p": {
                                "a": 0,
                                "k": [
                                    207.75,
                                    164.417
                                ],
                                "ix": 2
                            },
                            "a": {
                                "a": 0,
                                "k": [
                                    0,
                                    0
                                ],
                                "ix": 1
                            },
                            "s": {
                                "a": 0,
                                "k": [
                                    100,
                                    100
                                ],
                                "ix": 3
                            },
                            "r": {
                                "a": 0,
                                "k": 0,
                                "ix": 6
                            },
                            "o": {
                                "a": 0,
                                "k": 100,
                                "ix": 7
                            },
                            "sk": {
                                "a": 0,
                                "k": 0,
                                "ix": 4
                            },
                            "sa": {
                                "a": 0,
                                "k": 0,
                                "ix": 5
                            },
                            "nm": "Transform"
                        }
                    ],
                    "nm": "Group 1",
                    "np": 4,
                    "cix": 2,
                    "bm": 0,
                    "ix": 1,
                    "mn": "ADBE Vector Group",
                    "hd": false
                }
            ],
            "ip": 0,
            "op": 60,
            "st": 0,
            "bm": 0
        },
        {
            "ddd": 0,
            "ind": 2,
            "ty": 4,
            "nm": "Layer 4 Outlines",
            "sr": 1,
            "ks": {
                "o": {
                    "a": 0,
                    "k": 100,
                    "ix": 11
                },
                "r": {
                    "a": 0,
                    "k": 0,
                    "ix": 10
                },
                "p": {
                    "a": 0,
                    "k": [
                        301.5,
                        228.333,
                        0
                    ],
                    "ix": 2
                },
                "a": {
                    "a": 0,
                    "k": [
                        -0.75,
                        12.75,
                        0
                    ],
                    "ix": 1
                },
                "s": {
                    "a": 1,
                    "k": [
                        {
                            "i": {
                                "x": [
                                    0,
                                    0,
                                    0.667
                                ],
                                "y": [
                                    1,
                                    1,
                                    1
                                ]
                            },
                            "o": {
                                "x": [
                                    0.333,
                                    0.333,
                                    0.333
                                ],
                                "y": [
                                    0,
                                    0,
                                    0
                                ]
                            },
                            "t": 5,
                            "s": [
                                0,
                                0,
                                100
                            ]
                        },
                        {
                            "t": 35,
                            "s": [
                                100,
                                100,
                                100
                            ]
                        }
                    ],
                    "ix": 6
                }
            },
            "ao": 0,
            "shapes": [
                {
                    "ty": "gr",
                    "it": [
                        {
                            "ind": 0,
                            "ty": "sh",
                            "ix": 1,
                            "ks": {
                                "a": 0,
                                "k": {
                                    "i": [
                                        [
                                            6.903,
                                            0
                                        ],
                                        [
                                            0,
                                            0
                                        ],
                                        [
                                            0,
                                            6.903
                                        ],
                                        [
                                            -6.903,
                                            0
                                        ],
                                        [
                                            0,
                                            0
                                        ],
                                        [
                                            0,
                                            -6.903
                                        ]
                                    ],
                                    "o": [
                                        [
                                            0,
                                            0
                                        ],
                                        [
                                            -6.903,
                                            0
                                        ],
                                        [
                                            0,
                                            -6.903
                                        ],
                                        [
                                            0,
                                            0
                                        ],
                                        [
                                            6.903,
                                            0
                                        ],
                                        [
                                            0,
                                            6.903
                                        ]
                                    ],
                                    "v": [
                                        [
                                            32.5,
                                            12.5
                                        ],
                                        [
                                            -32.5,
                                            12.5
                                        ],
                                        [
                                            -45,
                                            0
                                        ],
                                        [
                                            -32.5,
                                            -12.5
                                        ],
                                        [
                                            32.5,
                                            -12.5
                                        ],
                                        [
                                            45,
                                            0
                                        ]
                                    ],
                                    "c": true
                                },
                                "ix": 2
                            },
                            "nm": "Path 1",
                            "mn": "ADBE Vector Shape - Group",
                            "hd": false
                        },
                        {
                            "ty": "fl",
                            "c": {
                                "a": 0,
                                "k": [
                                    0.4941,
                                    0.1804,
                                    0.9373,
                                    1
                                ],
                                "ix": 4
                            },
                            "o": {
                                "a": 0,
                                "k": 100,
                                "ix": 5
                            },
                            "r": 1,
                            "bm": 0,
                            "nm": "Fill 1",
                            "mn": "ADBE Vector Graphic - Fill",
                            "hd": false
                        },
                        {
                            "ty": "tr",
                            "p": {
                                "a": 0,
                                "k": [
                                    45.25,
                                    12.75
                                ],
                                "ix": 2
                            },
                            "a": {
                                "a": 0,
                                "k": [
                                    0,
                                    0
                                ],
                                "ix": 1
                            },
                            "s": {
                                "a": 0,
                                "k": [
                                    100,
                                    100
                                ],
                                "ix": 3
                            },
                            "r": {
                                "a": 0,
                                "k": 0,
                                "ix": 6
                            },
                            "o": {
                                "a": 0,
                                "k": 100,
                                "ix": 7
                            },
                            "sk": {
                                "a": 0,
                                "k": 0,
                                "ix": 4
                            },
                            "sa": {
                                "a": 0,
                                "k": 0,
                                "ix": 5
                            },
                            "nm": "Transform"
                        }
                    ],
                    "nm": "Group 1",
                    "np": 2,
                    "cix": 2,
                    "bm": 0,
                    "ix": 1,
                    "mn": "ADBE Vector Group",
                    "hd": false
                }
            ],
            "ip": 5,
            "op": 65,
            "st": 5,
            "bm": 0
        },
        {
            "ddd": 0,
            "ind": 3,
            "ty": 4,
            "nm": "Layer 5 Outlines",
            "sr": 1,
            "ks": {
                "o": {
                    "a": 0,
                    "k": 100,
                    "ix": 11
                },
                "r": {
                    "a": 0,
                    "k": 0,
                    "ix": 10
                },
                "p": {
                    "a": 0,
                    "k": [
                        300.75,
                        293.333,
                        0
                    ],
                    "ix": 2
                },
                "a": {
                    "a": 0,
                    "k": [
                        -1.5,
                        12.75,
                        0
                    ],
                    "ix": 1
                },
                "s": {
                    "a": 1,
                    "k": [
                        {
                            "i": {
                                "x": [
                                    0,
                                    0,
                                    0.667
                                ],
                                "y": [
                                    1,
                                    1,
                                    1
                                ]
                            },
                            "o": {
                                "x": [
                                    0.333,
                                    0.333,
                                    0.333
                                ],
                                "y": [
                                    0,
                                    0,
                                    0
                                ]
                            },
                            "t": 10,
                            "s": [
                                0,
                                0,
                                100
                            ]
                        },
                        {
                            "t": 40,
                            "s": [
                                100,
                                100,
                                100
                            ]
                        }
                    ],
                    "ix": 6
                }
            },
            "ao": 0,
            "shapes": [
                {
                    "ty": "gr",
                    "it": [
                        {
                            "ind": 0,
                            "ty": "sh",
                            "ix": 1,
                            "ks": {
                                "a": 0,
                                "k": {
                                    "i": [
                                        [
                                            6.903,
                                            0
                                        ],
                                        [
                                            0,
                                            0
                                        ],
                                        [
                                            0,
                                            6.903
                                        ],
                                        [
                                            -6.903,
                                            0
                                        ],
                                        [
                                            0,
                                            0
                                        ],
                                        [
                                            0,
                                            -6.903
                                        ]
                                    ],
                                    "o": [
                                        [
                                            0,
                                            0
                                        ],
                                        [
                                            -6.903,
                                            0
                                        ],
                                        [
                                            0,
                                            -6.903
                                        ],
                                        [
                                            0,
                                            0
                                        ],
                                        [
                                            6.903,
                                            0
                                        ],
                                        [
                                            0,
                                            6.903
                                        ]
                                    ],
                                    "v": [
                                        [
                                            15.75,
                                            12.5
                                        ],
                                        [
                                            -15.75,
                                            12.5
                                        ],
                                        [
                                            -28.25,
                                            0
                                        ],
                                        [
                                            -15.75,
                                            -12.5
                                        ],
                                        [
                                            15.75,
                                            -12.5
                                        ],
                                        [
                                            28.25,
                                            0
                                        ]
                                    ],
                                    "c": true
                                },
                                "ix": 2
                            },
                            "nm": "Path 1",
                            "mn": "ADBE Vector Shape - Group",
                            "hd": false
                        },
                        {
                            "ty": "fl",
                            "c": {
                                "a": 0,
                                "k": [
                                    0.667,
                                            0.447,
                                            0.933
                                ],
                                "ix": 4
                            },
                            "o": {
                                "a": 0,
                                "k": 100,
                                "ix": 5
                            },
                            "r": 1,
                            "bm": 0,
                            "nm": "Fill 1",
                            "mn": "ADBE Vector Graphic - Fill",
                            "hd": false
                        },
                        {
                            "ty": "tr",
                            "p": {
                                "a": 0,
                                "k": [
                                    28.5,
                                    12.75
                                ],
                                "ix": 2
                            },
                            "a": {
                                "a": 0,
                                "k": [
                                    0,
                                    0
                                ],
                                "ix": 1
                            },
                            "s": {
                                "a": 0,
                                "k": [
                                    100,
                                    100
                                ],
                                "ix": 3
                            },
                            "r": {
                                "a": 0,
                                "k": 0,
                                "ix": 6
                            },
                            "o": {
                                "a": 0,
                                "k": 100,
                                "ix": 7
                            },
                            "sk": {
                                "a": 0,
                                "k": 0,
                                "ix": 4
                            },
                            "sa": {
                                "a": 0,
                                "k": 0,
                                "ix": 5
                            },
                            "nm": "Transform"
                        }
                    ],
                    "nm": "Group 1",
                    "np": 2,
                    "cix": 2,
                    "bm": 0,
                    "ix": 1,
                    "mn": "ADBE Vector Group",
                    "hd": false
                }
            ],
            "ip": 10,
            "op": 70,
            "st": 10,
            "bm": 0
        },
        {
            "ddd": 0,
            "ind": 4,
            "ty": 4,
            "nm": "Layer 2 Outlines",
            "sr": 1,
            "ks": {
                "o": {
                    "a": 0,
                    "k": 100,
                    "ix": 11
                },
                "r": {
                    "a": 0,
                    "k": 0,
                    "ix": 10
                },
                "p": {
                    "a": 1,
                    "k": [
                        {
                            "i": {
                                "x": 0,
                                "y": 1
                            },
                            "o": {
                                "x": 0.333,
                                "y": 0
                            },
                            "t": 0,
                            "s": [
                                185,
                                247.333,
                                0
                            ],
                            "to": [
                                0,
                                -5.167,
                                0
                            ],
                            "ti": [
                                0,
                                3.167,
                                0
                            ]
                        },
                        {
                            "i": {
                                "x": 0,
                                "y": 1
                            },
                            "o": {
                                "x": 0.333,
                                "y": 0
                            },
                            "t": 30,
                            "s": [
                                185,
                                216.333,
                                0
                            ],
                            "to": [
                                0,
                                -3.167,
                                0
                            ],
                            "ti": [
                                0,
                                -2,
                                0
                            ]
                        },
                        {
                            "i": {
                                "x": 0,
                                "y": 0
                            },
                            "o": {
                                "x": 0.333,
                                "y": 0.333
                            },
                            "t": 40,
                            "s": [
                                185,
                                228.333,
                                0
                            ],
                            "to": [
                                0,
                                0,
                                0
                            ],
                            "ti": [
                                0,
                                0,
                                0
                            ]
                        },
                        {
                            "i": {
                                "x": 0,
                                "y": 1
                            },
                            "o": {
                                "x": 0.333,
                                "y": 0
                            },
                            "t": 55,
                            "s": [
                                185,
                                228.333,
                                0
                            ],
                            "to": [
                                0,
                                3.167,
                                0
                            ],
                            "ti": [
                                0,
                                -3.167,
                                0
                            ]
                        },
                        {
                            "t": 59,
                            "s": [
                                185,
                                247.333,
                                0
                            ]
                        }
                    ],
                    "ix": 2
                },
                "a": {
                    "a": 0,
                    "k": [
                        74.75,
                        74.75,
                        0
                    ],
                    "ix": 1
                },
                "s": {
                    "a": 0,
                    "k": [
                        100,
                        100,
                        100
                    ],
                    "ix": 6
                }
            },
            "ao": 0,
            "shapes": [
                {
                    "ty": "gr",
                    "it": [
                        {
                            "ind": 0,
                            "ty": "sh",
                            "ix": 1,
                            "ks": {
                                "a": 0,
                                "k": {
                                    "i": [
                                        [
                                            27.294,
                                            0
                                        ],
                                        [
                                            0,
                                            -27.294
                                        ],
                                        [
                                            -27.294,
                                            0
                                        ],
                                        [
                                            0,
                                            27.294
                                        ]
                                    ],
                                    "o": [
                                        [
                                            -27.294,
                                            0
                                        ],
                                        [
                                            0,
                                            27.294
                                        ],
                                        [
                                            27.294,
                                            0
                                        ],
                                        [
                                            0,
                                            -27.294
                                        ]
                                    ],
                                    "v": [
                                        [
                                            0,
                                            -49.5
                                        ],
                                        [
                                            -49.5,
                                            0
                                        ],
                                        [
                                            0,
                                            49.5
                                        ],
                                        [
                                            49.5,
                                            0
                                        ]
                                    ],
                                    "c": true
                                },
                                "ix": 2
                            },
                            "nm": "Path 1",
                            "mn": "ADBE Vector Shape - Group",
                            "hd": false
                        },
                        {
                            "ind": 1,
                            "ty": "sh",
                            "ix": 2,
                            "ks": {
                                "a": 0,
                                "k": {
                                    "i": [
                                        [
                                            41.08,
                                            0
                                        ],
                                        [
                                            0,
                                            41.08
                                        ],
                                        [
                                            -41.08,
                                            0
                                        ],
                                        [
                                            0,
                                            -41.08
                                        ]
                                    ],
                                    "o": [
                                        [
                                            -41.08,
                                            0
                                        ],
                                        [
                                            0,
                                            -41.08
                                        ],
                                        [
                                            41.08,
                                            0
                                        ],
                                        [
                                            0,
                                            41.08
                                        ]
                                    ],
                                    "v": [
                                        [
                                            0,
                                            74.5
                                        ],
                                        [
                                            -74.5,
                                            0
                                        ],
                                        [
                                            0,
                                            -74.5
                                        ],
                                        [
                                            74.5,
                                            0
                                        ]
                                    ],
                                    "c": true
                                },
                                "ix": 2
                            },
                            "nm": "Path 2",
                            "mn": "ADBE Vector Shape - Group",
                            "hd": false
                        },
                        {
                            "ty": "mm",
                            "mm": 1,
                            "nm": "Merge Paths 1",
                            "mn": "ADBE Vector Filter - Merge",
                            "hd": false
                        },
                        {
                            "ty": "fl",
                            "c": {
                                "a": 0,
                                "k": [
                                    0.667,
                                            0.447,
                                            0.933
                                ],
                                "ix": 4
                            },
                            "o": {
                                "a": 0,
                                "k": 100,
                                "ix": 5
                            },
                            "r": 1,
                            "bm": 0,
                            "nm": "Fill 1",
                            "mn": "ADBE Vector Graphic - Fill",
                            "hd": false
                        },
                        {
                            "ty": "tr",
                            "p": {
                                "a": 0,
                                "k": [
                                    74.75,
                                    74.75
                                ],
                                "ix": 2
                            },
                            "a": {
                                "a": 0,
                                "k": [
                                    0,
                                    0
                                ],
                                "ix": 1
                            },
                            "s": {
                                "a": 0,
                                "k": [
                                    100,
                                    100
                                ],
                                "ix": 3
                            },
                            "r": {
                                "a": 0,
                                "k": 0,
                                "ix": 6
                            },
                            "o": {
                                "a": 0,
                                "k": 100,
                                "ix": 7
                            },
                            "sk": {
                                "a": 0,
                                "k": 0,
                                "ix": 4
                            },
                            "sa": {
                                "a": 0,
                                "k": 0,
                                "ix": 5
                            },
                            "nm": "Transform"
                        }
                    ],
                    "nm": "Group 1",
                    "np": 4,
                    "cix": 2,
                    "bm": 0,
                    "ix": 1,
                    "mn": "ADBE Vector Group",
                    "hd": false
                }
            ],
            "ip": 0,
            "op": 60,
            "st": 0,
            "bm": 0
        },
        {
            "ddd": 0,
            "ind": 5,
            "ty": 4,
            "nm": "Layer 3 Outlines",
            "sr": 1,
            "ks": {
                "o": {
                    "a": 0,
                    "k": 100,
                    "ix": 11
                },
                "r": {
                    "a": 0,
                    "k": 0,
                    "ix": 10
                },
                "p": {
                    "a": 0,
                    "k": [
                        185,
                        365.833,
                        0
                    ],
                    "ix": 2
                },
                "a": {
                    "a": 0,
                    "k": [
                        100.25,
                        41.917,
                        0
                    ],
                    "ix": 1
                },
                "s": {
                    "a": 0,
                    "k": [
                        100,
                        100,
                        100
                    ],
                    "ix": 6
                }
            },
            "ao": 0,
            "shapes": [
                {
                    "ty": "gr",
                    "it": [
                        {
                            "ind": 0,
                            "ty": "sh",
                            "ix": 1,
                            "ks": {
                                "a": 0,
                                "k": {
                                    "i": [
                                        [
                                            6.903,
                                            0
                                        ],
                                        [
                                            0,
                                            6.903
                                        ],
                                        [
                                            40.654,
                                            0
                                        ],
                                        [
                                            0,
                                            -24.844
                                        ],
                                        [
                                            6.904,
                                            0
                                        ],
                                        [
                                            0,
                                            6.903
                                        ],
                                        [
                                            -20.116,
                                            13.41
                                        ],
                                        [
                                            -25.813,
                                            0
                                        ],
                                        [
                                            -18.557,
                                            -12.372
                                        ],
                                        [
                                            0,
                                            -19.896
                                        ]
                                    ],
                                    "o": [
                                        [
                                            -6.903,
                                            0
                                        ],
                                        [
                                            0,
                                            -24.844
                                        ],
                                        [
                                            -40.654,
                                            0
                                        ],
                                        [
                                            0,
                                            6.903
                                        ],
                                        [
                                            -6.904,
                                            0
                                        ],
                                        [
                                            0,
                                            -19.896
                                        ],
                                        [
                                            18.556,
                                            -12.372
                                        ],
                                        [
                                            25.813,
                                            0
                                        ],
                                        [
                                            20.116,
                                            13.41
                                        ],
                                        [
                                            0,
                                            6.903
                                        ]
                                    ],
                                    "v": [
                                        [
                                            87.5,
                                            41.667
                                        ],
                                        [
                                            75,
                                            29.167
                                        ],
                                        [
                                            0,
                                            -16.667
                                        ],
                                        [
                                            -75,
                                            29.167
                                        ],
                                        [
                                            -87.5,
                                            41.667
                                        ],
                                        [
                                            -100,
                                            29.167
                                        ],
                                        [
                                            -68.805,
                                            -22.482
                                        ],
                                        [
                                            0,
                                            -41.667
                                        ],
                                        [
                                            68.806,
                                            -22.482
                                        ],
                                        [
                                            100,
                                            29.167
                                        ]
                                    ],
                                    "c": true
                                },
                                "ix": 2
                            },
                            "nm": "Path 1",
                            "mn": "ADBE Vector Shape - Group",
                            "hd": false
                        },
                        {
                            "ty": "fl",
                            "c": {
                                "a": 0,
                                "k": [
                                    0.667,
                                            0.447,
                                            0.933
                                ],
                                "ix": 4
                            },
                            "o": {
                                "a": 0,
                                "k": 100,
                                "ix": 5
                            },
                            "r": 1,
                            "bm": 0,
                            "nm": "Fill 1",
                            "mn": "ADBE Vector Graphic - Fill",
                            "hd": false
                        },
                        {
                            "ty": "tr",
                            "p": {
                                "a": 0,
                                "k": [
                                    100.25,
                                    41.917
                                ],
                                "ix": 2
                            },
                            "a": {
                                "a": 0,
                                "k": [
                                    0,
                                    0
                                ],
                                "ix": 1
                            },
                            "s": {
                                "a": 0,
                                "k": [
                                    100,
                                    100
                                ],
                                "ix": 3
                            },
                            "r": {
                                "a": 0,
                                "k": 0,
                                "ix": 6
                            },
                            "o": {
                                "a": 0,
                                "k": 100,
                                "ix": 7
                            },
                            "sk": {
                                "a": 0,
                                "k": 0,
                                "ix": 4
                            },
                            "sa": {
                                "a": 0,
                                "k": 0,
                                "ix": 5
                            },
                            "nm": "Transform"
                        }
                    ],
                    "nm": "Group 1",
                    "np": 2,
                    "cix": 2,
                    "bm": 0,
                    "ix": 1,
                    "mn": "ADBE Vector Group",
                    "hd": false
                }
            ],
            "ip": 0,
            "op": 60,
            "st": 0,
            "bm": 0
        }
    ],
    "markers": []
}