{
    "v": "5.5.7",
    "meta": {
        "g": "LottieFiles AE 0.1.20",
        "a": "",
        "k": "",
        "d": "",
        "tc": ""
    },
    "fr": 30,
    "ip": 0,
    "op": 90,
    "w": 512,
    "h": 512,
    "nm": "credit card",
    "ddd": 0,
    "assets": [],
    "layers": [
        {
            "ddd": 0,
            "ind": 1,
            "ty": 4,
            "nm": "Icon Set-03 Outlines 2",
            "sr": 1,
            "ks": {
                "o": {
                    "a": 0,
                    "k": 100,
                    "ix": 11
                },
                "r": {
                    "a": 1,
                    "k": [
                        {
                            "i": {
                                "x": [
                                    0.667
                                ],
                                "y": [
                                    1
                                ]
                            },
                            "o": {
                                "x": [
                                    0.167
                                ],
                                "y": [
                                    0.167
                                ]
                            },
                            "t": 0,
                            "s": [
                                0
                            ]
                        },
                        {
                            "i": {
                                "x": [
                                    0.667
                                ],
                                "y": [
                                    1
                                ]
                            },
                            "o": {
                                "x": [
                                    0.333
                                ],
                                "y": [
                                    0
                                ]
                            },
                            "t": 13,
                            "s": [
                                4
                            ]
                        },
                        {
                            "i": {
                                "x": [
                                    0.833
                                ],
                                "y": [
                                    0.833
                                ]
                            },
                            "o": {
                                "x": [
                                    0.333
                                ],
                                "y": [
                                    0
                                ]
                            },
                            "t": 68,
                            "s": [
                                -4
                            ]
                        },
                        {
                            "t": 89,
                            "s": [
                                0
                            ]
                        }
                    ],
                    "ix": 10
                },
                "p": {
                    "a": 1,
                    "k": [
                        {
                            "i": {
                                "x": 0.667,
                                "y": 1
                            },
                            "o": {
                                "x": 0.167,
                                "y": 0.167
                            },
                            "t": 0,
                            "s": [
                                256,
                                256,
                                0
                            ],
                            "to": [
                                0,
                                0,
                                0
                            ],
                            "ti": [
                                0,
                                0,
                                0
                            ]
                        },
                        {
                            "i": {
                                "x": 0.833,
                                "y": 0.833
                            },
                            "o": {
                                "x": 0.333,
                                "y": 0
                            },
                            "t": 42,
                            "s": [
                                256,
                                226,
                                0
                            ],
                            "to": [
                                0,
                                0,
                                0
                            ],
                            "ti": [
                                0,
                                0,
                                0
                            ]
                        },
                        {
                            "t": 89,
                            "s": [
                                256,
                                256,
                                0
                            ]
                        }
                    ],
                    "ix": 2
                },
                "a": {
                    "a": 0,
                    "k": [
                        128,
                        128,
                        0
                    ],
                    "ix": 1
                },
                "s": {
                    "a": 0,
                    "k": [
                        151.522,
                        151.522,
                        100
                    ],
                    "ix": 6
                }
            },
            "ao": 0,
            "shapes": [
                {
                    "ty": "gr",
                    "it": [
                        {
                            "ind": 0,
                            "ty": "sh",
                            "ix": 1,
                            "ks": {
                                "a": 0,
                                "k": {
                                    "i": [
                                        [
                                            0,
                                            0
                                        ],
                                        [
                                            0,
                                            0
                                        ]
                                    ],
                                    "o": [
                                        [
                                            0,
                                            0
                                        ],
                                        [
                                            0,
                                            0
                                        ]
                                    ],
                                    "v": [
                                        [
                                            226.012,
                                            204.912
                                        ],
                                        [
                                            152.743,
                                            204.938
                                        ]
                                    ],
                                    "c": false
                                },
                                "ix": 2
                            },
                            "nm": "Path 1",
                            "mn": "ADBE Vector Shape - Group",
                            "hd": false
                        },
                        {
                            "ty": "tm",
                            "s": {
                                "a": 0,
                                "k": 100,
                                "ix": 1
                            },
                            "e": {
                                "a": 0,
                                "k": 34,
                                "ix": 2
                            },
                            "o": {
                                "a": 1,
                                "k": [
                                    {
                                        "i": {
                                            "x": [
                                                0.667
                                            ],
                                            "y": [
                                                1
                                            ]
                                        },
                                        "o": {
                                            "x": [
                                                0.333
                                            ],
                                            "y": [
                                                0
                                            ]
                                        },
                                        "t": 0,
                                        "s": [
                                            68
                                        ]
                                    },
                                    {
                                        "i": {
                                            "x": [
                                                0.667
                                            ],
                                            "y": [
                                                1
                                            ]
                                        },
                                        "o": {
                                            "x": [
                                                0.333
                                            ],
                                            "y": [
                                                0
                                            ]
                                        },
                                        "t": 42,
                                        "s": [
                                            182
                                        ]
                                    },
                                    {
                                        "t": 89,
                                        "s": [
                                            68
                                        ]
                                    }
                                ],
                                "ix": 3
                            },
                            "m": 1,
                            "ix": 2,
                            "nm": "Trim Paths 1",
                            "mn": "ADBE Vector Filter - Trim",
                            "hd": false
                        },
                        {
                            "ty": "st",
                            "c": {
                                "a": 0,
                                "k": [
                                    0.4941,
                                    0.1804,
                                    0.9373,
                                    1
                                ],
                                "ix": 3
                            },
                            "o": {
                                "a": 0,
                                "k": 100,
                                "ix": 4
                            },
                            "w": {
                                "a": 0,
                                "k": 10,
                                "ix": 1
                            },
                            "lc": 2,
                            "lj": 2,
                            "bm": 0,
                            "nm": "Stroke 1",
                            "mn": "ADBE Vector Graphic - Stroke",
                            "hd": false
                        },
                        {
                            "ty": "tr",
                            "p": {
                                "a": 0,
                                "k": [
                                    0,
                                    0
                                ],
                                "ix": 2
                            },
                            "a": {
                                "a": 0,
                                "k": [
                                    0,
                                    0
                                ],
                                "ix": 1
                            },
                            "s": {
                                "a": 0,
                                "k": [
                                    100,
                                    100
                                ],
                                "ix": 3
                            },
                            "r": {
                                "a": 0,
                                "k": 0,
                                "ix": 6
                            },
                            "o": {
                                "a": 0,
                                "k": 100,
                                "ix": 7
                            },
                            "sk": {
                                "a": 0,
                                "k": 0,
                                "ix": 4
                            },
                            "sa": {
                                "a": 0,
                                "k": 0,
                                "ix": 5
                            },
                            "nm": "Transform"
                        }
                    ],
                    "nm": "Group 2",
                    "np": 3,
                    "cix": 2,
                    "bm": 0,
                    "ix": 1,
                    "mn": "ADBE Vector Group",
                    "hd": false
                }
            ],
            "ip": 0,
            "op": 300,
            "st": 0,
            "bm": 0
        },
        {
            "ddd": 0,
            "ind": 2,
            "ty": 4,
            "nm": "Icon Set-03 Outlines",
            "sr": 1,
            "ks": {
                "o": {
                    "a": 0,
                    "k": 100,
                    "ix": 11
                },
                "r": {
                    "a": 1,
                    "k": [
                        {
                            "i": {
                                "x": [
                                    0.667
                                ],
                                "y": [
                                    1
                                ]
                            },
                            "o": {
                                "x": [
                                    0.167
                                ],
                                "y": [
                                    0.167
                                ]
                            },
                            "t": 0,
                            "s": [
                                0
                            ]
                        },
                        {
                            "i": {
                                "x": [
                                    0.667
                                ],
                                "y": [
                                    1
                                ]
                            },
                            "o": {
                                "x": [
                                    0.333
                                ],
                                "y": [
                                    0
                                ]
                            },
                            "t": 13,
                            "s": [
                                4
                            ]
                        },
                        {
                            "i": {
                                "x": [
                                    0.833
                                ],
                                "y": [
                                    0.833
                                ]
                            },
                            "o": {
                                "x": [
                                    0.333
                                ],
                                "y": [
                                    0
                                ]
                            },
                            "t": 68,
                            "s": [
                                -4
                            ]
                        },
                        {
                            "t": 89,
                            "s": [
                                0
                            ]
                        }
                    ],
                    "ix": 10
                },
                "p": {
                    "a": 1,
                    "k": [
                        {
                            "i": {
                                "x": 0.667,
                                "y": 1
                            },
                            "o": {
                                "x": 0.167,
                                "y": 0.167
                            },
                            "t": 0,
                            "s": [
                                256,
                                256,
                                0
                            ],
                            "to": [
                                0,
                                0,
                                0
                            ],
                            "ti": [
                                0,
                                0,
                                0
                            ]
                        },
                        {
                            "i": {
                                "x": 0.833,
                                "y": 0.833
                            },
                            "o": {
                                "x": 0.333,
                                "y": 0
                            },
                            "t": 42,
                            "s": [
                                256,
                                226,
                                0
                            ],
                            "to": [
                                0,
                                0,
                                0
                            ],
                            "ti": [
                                0,
                                0,
                                0
                            ]
                        },
                        {
                            "t": 89,
                            "s": [
                                256,
                                256,
                                0
                            ]
                        }
                    ],
                    "ix": 2
                },
                "a": {
                    "a": 0,
                    "k": [
                        128,
                        128,
                        0
                    ],
                    "ix": 1
                },
                "s": {
                    "a": 0,
                    "k": [
                        151.522,
                        151.522,
                        100
                    ],
                    "ix": 6
                }
            },
            "ao": 0,
            "shapes": [
                {
                    "ty": "gr",
                    "it": [
                        {
                            "ind": 0,
                            "ty": "sh",
                            "ix": 1,
                            "ks": {
                                "a": 0,
                                "k": {
                                    "i": [
                                        [
                                            0,
                                            0
                                        ],
                                        [
                                            0,
                                            0
                                        ],
                                        [
                                            0,
                                            0
                                        ],
                                        [
                                            0,
                                            0
                                        ]
                                    ],
                                    "o": [
                                        [
                                            0,
                                            0
                                        ],
                                        [
                                            0,
                                            0
                                        ],
                                        [
                                            0,
                                            0
                                        ],
                                        [
                                            0,
                                            0
                                        ]
                                    ],
                                    "v": [
                                        [
                                            -102.766,
                                            -16.981
                                        ],
                                        [
                                            102.766,
                                            -16.981
                                        ],
                                        [
                                            102.766,
                                            16.981
                                        ],
                                        [
                                            -102.766,
                                            16.981
                                        ]
                                    ],
                                    "c": true
                                },
                                "ix": 2
                            },
                            "nm": "Path 1",
                            "mn": "ADBE Vector Shape - Group",
                            "hd": false
                        },
                        {
                            "ty": "st",
                            "c": {
                                "a": 0,
                                "k": [
                                    0.4941,
                                    0.1804,
                                    0.9373,
                                    1
                                ],
                                "ix": 3
                            },
                            "o": {
                                "a": 0,
                                "k": 100,
                                "ix": 4
                            },
                            "w": {
                                "a": 0,
                                "k": 10,
                                "ix": 1
                            },
                            "lc": 2,
                            "lj": 2,
                            "bm": 0,
                            "nm": "Stroke 1",
                            "mn": "ADBE Vector Graphic - Stroke",
                            "hd": false
                        },
                        {
                            "ty": "tr",
                            "p": {
                                "a": 0,
                                "k": [
                                    146.5,
                                    142.914
                                ],
                                "ix": 2
                            },
                            "a": {
                                "a": 0,
                                "k": [
                                    0,
                                    0
                                ],
                                "ix": 1
                            },
                            "s": {
                                "a": 0,
                                "k": [
                                    100,
                                    100
                                ],
                                "ix": 3
                            },
                            "r": {
                                "a": 0,
                                "k": 0,
                                "ix": 6
                            },
                            "o": {
                                "a": 0,
                                "k": 100,
                                "ix": 7
                            },
                            "sk": {
                                "a": 0,
                                "k": 0,
                                "ix": 4
                            },
                            "sa": {
                                "a": 0,
                                "k": 0,
                                "ix": 5
                            },
                            "nm": "Transform"
                        }
                    ],
                    "nm": "Group 3",
                    "np": 2,
                    "cix": 2,
                    "bm": 0,
                    "ix": 1,
                    "mn": "ADBE Vector Group",
                    "hd": false
                },
                {
                    "ty": "gr",
                    "it": [
                        {
                            "ind": 0,
                            "ty": "sh",
                            "ix": 1,
                            "ks": {
                                "a": 0,
                                "k": {
                                    "i": [
                                        [
                                            0,
                                            10.425
                                        ],
                                        [
                                            0,
                                            0
                                        ],
                                        [
                                            -10.424,
                                            0
                                        ],
                                        [
                                            0,
                                            0
                                        ],
                                        [
                                            0,
                                            -10.424
                                        ],
                                        [
                                            0,
                                            0
                                        ],
                                        [
                                            10.425,
                                            0
                                        ],
                                        [
                                            0,
                                            0
                                        ]
                                    ],
                                    "o": [
                                        [
                                            0,
                                            0
                                        ],
                                        [
                                            0,
                                            -10.424
                                        ],
                                        [
                                            0,
                                            0
                                        ],
                                        [
                                            10.425,
                                            0
                                        ],
                                        [
                                            0,
                                            0
                                        ],
                                        [
                                            0,
                                            10.425
                                        ],
                                        [
                                            0,
                                            0
                                        ],
                                        [
                                            -10.424,
                                            0
                                        ]
                                    ],
                                    "v": [
                                        [
                                            -102.766,
                                            47.546
                                        ],
                                        [
                                            -102.766,
                                            -47.547
                                        ],
                                        [
                                            -83.891,
                                            -66.422
                                        ],
                                        [
                                            83.89,
                                            -66.422
                                        ],
                                        [
                                            102.766,
                                            -47.547
                                        ],
                                        [
                                            102.766,
                                            47.546
                                        ],
                                        [
                                            83.89,
                                            66.422
                                        ],
                                        [
                                            -83.891,
                                            66.422
                                        ]
                                    ],
                                    "c": true
                                },
                                "ix": 2
                            },
                            "nm": "Path 1",
                            "mn": "ADBE Vector Shape - Group",
                            "hd": false
                        },
                        {
                            "ty": "st",
                            "c": {
                                "a": 0,
                                "k": [
                                    0.4941,
                                    0.1804,
                                    0.9373,
                                    1
                                ],
                                "ix": 3
                            },
                            "o": {
                                "a": 0,
                                "k": 100,
                                "ix": 4
                            },
                            "w": {
                                "a": 0,
                                "k": 10,
                                "ix": 1
                            },
                            "lc": 2,
                            "lj": 2,
                            "bm": 0,
                            "nm": "Stroke 1",
                            "mn": "ADBE Vector Graphic - Stroke",
                            "hd": false
                        },
                        {
                            "ty": "tr",
                            "p": {
                                "a": 0,
                                "k": [
                                    146.5,
                                    164.969
                                ],
                                "ix": 2
                            },
                            "a": {
                                "a": 0,
                                "k": [
                                    0,
                                    0
                                ],
                                "ix": 1
                            },
                            "s": {
                                "a": 0,
                                "k": [
                                    100,
                                    100
                                ],
                                "ix": 3
                            },
                            "r": {
                                "a": 0,
                                "k": 0,
                                "ix": 6
                            },
                            "o": {
                                "a": 0,
                                "k": 100,
                                "ix": 7
                            },
                            "sk": {
                                "a": 0,
                                "k": 0,
                                "ix": 4
                            },
                            "sa": {
                                "a": 0,
                                "k": 0,
                                "ix": 5
                            },
                            "nm": "Transform"
                        }
                    ],
                    "nm": "Group 4",
                    "np": 3,
                    "cix": 2,
                    "bm": 0,
                    "ix": 2,
                    "mn": "ADBE Vector Group",
                    "hd": false
                },
                {
                    "ty": "gr",
                    "it": [
                        {
                            "ind": 0,
                            "ty": "sh",
                            "ix": 1,
                            "ks": {
                                "a": 1,
                                "k": [
                                    {
                                        "i": {
                                            "x": 0.667,
                                            "y": 1
                                        },
                                        "o": {
                                            "x": 0.515,
                                            "y": 0
                                        },
                                        "t": 11,
                                        "s": [
                                            {
                                                "i": [
                                                    [
                                                        0,
                                                        0
                                                    ],
                                                    [
                                                        -10.424,
                                                        0
                                                    ],
                                                    [
                                                        0,
                                                        0
                                                    ],
                                                    [
                                                        0,
                                                        0
                                                    ],
                                                    [
                                                        11.262,
                                                        0
                                                    ],
                                                    [
                                                        0,
                                                        0
                                                    ],
                                                    [
                                                        0,
                                                        -11.261
                                                    ],
                                                    [
                                                        0,
                                                        0
                                                    ],
                                                    [
                                                        -11.261,
                                                        0
                                                    ],
                                                    [
                                                        0,
                                                        0
                                                    ]
                                                ],
                                                "o": [
                                                    [
                                                        0,
                                                        -10.425
                                                    ],
                                                    [
                                                        0,
                                                        0
                                                    ],
                                                    [
                                                        0,
                                                        0
                                                    ],
                                                    [
                                                        0,
                                                        -11.261
                                                    ],
                                                    [
                                                        0,
                                                        0
                                                    ],
                                                    [
                                                        -11.261,
                                                        0
                                                    ],
                                                    [
                                                        0,
                                                        0
                                                    ],
                                                    [
                                                        0,
                                                        11.261
                                                    ],
                                                    [
                                                        0,
                                                        0
                                                    ],
                                                    [
                                                        0,
                                                        0
                                                    ]
                                                ],
                                                "v": [
                                                    [
                                                        -74.015,
                                                        13.116
                                                    ],
                                                    [
                                                        -55.14,
                                                        -5.76
                                                    ],
                                                    [
                                                        111.015,
                                                        -5.76
                                                    ],
                                                    [
                                                        111.015,
                                                        -51.363
                                                    ],
                                                    [
                                                        90.624,
                                                        -71.754
                                                    ],
                                                    [
                                                        -90.624,
                                                        -71.754
                                                    ],
                                                    [
                                                        -111.015,
                                                        -51.363
                                                    ],
                                                    [
                                                        -111.015,
                                                        51.363
                                                    ],
                                                    [
                                                        -90.624,
                                                        71.754
                                                    ],
                                                    [
                                                        -74.015,
                                                        71.754
                                                    ]
                                                ],
                                                "c": true
                                            }
                                        ]
                                    },
                                    {
                                        "i": {
                                            "x": 0.44,
                                            "y": 1
                                        },
                                        "o": {
                                            "x": 0.333,
                                            "y": 0
                                        },
                                        "t": 48,
                                        "s": [
                                            {
                                                "i": [
                                                    [
                                                        0,
                                                        0
                                                    ],
                                                    [
                                                        -10.424,
                                                        0
                                                    ],
                                                    [
                                                        0,
                                                        0
                                                    ],
                                                    [
                                                        0,
                                                        0
                                                    ],
                                                    [
                                                        11.262,
                                                        0
                                                    ],
                                                    [
                                                        0,
                                                        0
                                                    ],
                                                    [
                                                        0,
                                                        -11.261
                                                    ],
                                                    [
                                                        0,
                                                        0
                                                    ],
                                                    [
                                                        -11.261,
                                                        0
                                                    ],
                                                    [
                                                        0,
                                                        0
                                                    ]
                                                ],
                                                "o": [
                                                    [
                                                        0,
                                                        -10.425
                                                    ],
                                                    [
                                                        0,
                                                        0
                                                    ],
                                                    [
                                                        0,
                                                        0
                                                    ],
                                                    [
                                                        0,
                                                        -11.261
                                                    ],
                                                    [
                                                        0,
                                                        0
                                                    ],
                                                    [
                                                        -11.261,
                                                        0
                                                    ],
                                                    [
                                                        0,
                                                        0
                                                    ],
                                                    [
                                                        0,
                                                        11.261
                                                    ],
                                                    [
                                                        0,
                                                        0
                                                    ],
                                                    [
                                                        0,
                                                        0
                                                    ]
                                                ],
                                                "v": [
                                                    [
                                                        -74.015,
                                                        13.116
                                                    ],
                                                    [
                                                        -55.14,
                                                        -5.76
                                                    ],
                                                    [
                                                        95.188,
                                                        -5.81
                                                    ],
                                                    [
                                                        95.188,
                                                        -51.414
                                                    ],
                                                    [
                                                        74.797,
                                                        -71.804
                                                    ],
                                                    [
                                                        -106.451,
                                                        -71.804
                                                    ],
                                                    [
                                                        -126.842,
                                                        -51.414
                                                    ],
                                                    [
                                                        -126.842,
                                                        51.312
                                                    ],
                                                    [
                                                        -106.451,
                                                        71.703
                                                    ],
                                                    [
                                                        -74.015,
                                                        71.754
                                                    ]
                                                ],
                                                "c": true
                                            }
                                        ]
                                    },
                                    {
                                        "t": 80,
                                        "s": [
                                            {
                                                "i": [
                                                    [
                                                        0,
                                                        0
                                                    ],
                                                    [
                                                        -10.424,
                                                        0
                                                    ],
                                                    [
                                                        0,
                                                        0
                                                    ],
                                                    [
                                                        0,
                                                        0
                                                    ],
                                                    [
                                                        11.262,
                                                        0
                                                    ],
                                                    [
                                                        0,
                                                        0
                                                    ],
                                                    [
                                                        0,
                                                        -11.261
                                                    ],
                                                    [
                                                        0,
                                                        0
                                                    ],
                                                    [
                                                        -11.261,
                                                        0
                                                    ],
                                                    [
                                                        0,
                                                        0
                                                    ]
                                                ],
                                                "o": [
                                                    [
                                                        0,
                                                        -10.425
                                                    ],
                                                    [
                                                        0,
                                                        0
                                                    ],
                                                    [
                                                        0,
                                                        0
                                                    ],
                                                    [
                                                        0,
                                                        -11.261
                                                    ],
                                                    [
                                                        0,
                                                        0
                                                    ],
                                                    [
                                                        -11.261,
                                                        0
                                                    ],
                                                    [
                                                        0,
                                                        0
                                                    ],
                                                    [
                                                        0,
                                                        11.261
                                                    ],
                                                    [
                                                        0,
                                                        0
                                                    ],
                                                    [
                                                        0,
                                                        0
                                                    ]
                                                ],
                                                "v": [
                                                    [
                                                        -74.015,
                                                        13.116
                                                    ],
                                                    [
                                                        -55.14,
                                                        -5.76
                                                    ],
                                                    [
                                                        111.015,
                                                        -5.76
                                                    ],
                                                    [
                                                        111.015,
                                                        -51.363
                                                    ],
                                                    [
                                                        90.624,
                                                        -71.754
                                                    ],
                                                    [
                                                        -90.624,
                                                        -71.754
                                                    ],
                                                    [
                                                        -111.015,
                                                        -51.363
                                                    ],
                                                    [
                                                        -111.015,
                                                        51.363
                                                    ],
                                                    [
                                                        -90.624,
                                                        71.754
                                                    ],
                                                    [
                                                        -74.015,
                                                        71.754
                                                    ]
                                                ],
                                                "c": true
                                            }
                                        ]
                                    }
                                ],
                                "ix": 2
                            },
                            "nm": "Path 1",
                            "mn": "ADBE Vector Shape - Group",
                            "hd": false
                        },
                        {
                            "ty": "st",
                            "c": {
                                "a": 0,
                                "k": [
                                    0.4941,
                                    0.1804,
                                    0.9373,
                                    1
                                ],
                                "ix": 3
                            },
                            "o": {
                                "a": 0,
                                "k": 100,
                                "ix": 4
                            },
                            "w": {
                                "a": 0,
                                "k": 10,
                                "ix": 1
                            },
                            "lc": 2,
                            "lj": 2,
                            "bm": 0,
                            "nm": "Stroke 1",
                            "mn": "ADBE Vector Graphic - Stroke",
                            "hd": false
                        },
                        {
                            "ty": "tr",
                            "p": {
                                "a": 0,
                                "k": [
                                    117.749,
                                    104.306
                                ],
                                "ix": 2
                            },
                            "a": {
                                "a": 0,
                                "k": [
                                    0,
                                    0
                                ],
                                "ix": 1
                            },
                            "s": {
                                "a": 0,
                                "k": [
                                    100,
                                    100
                                ],
                                "ix": 3
                            },
                            "r": {
                                "a": 0,
                                "k": 0,
                                "ix": 6
                            },
                            "o": {
                                "a": 0,
                                "k": 100,
                                "ix": 7
                            },
                            "sk": {
                                "a": 0,
                                "k": 0,
                                "ix": 4
                            },
                            "sa": {
                                "a": 0,
                                "k": 0,
                                "ix": 5
                            },
                            "nm": "Transform"
                        }
                    ],
                    "nm": "Group 5",
                    "np": 2,
                    "cix": 2,
                    "bm": 0,
                    "ix": 3,
                    "mn": "ADBE Vector Group",
                    "hd": false
                }
            ],
            "ip": 0,
            "op": 300,
            "st": 0,
            "bm": 0
        }
    ],
    "markers": []
}