{
    "nm": "Comp 1",
    "ddd": 0,
    "h": 520,
    "w": 480,
    "meta": {
        "g": "@lottiefiles/toolkit-js 0.26.1"
    },
    "layers": [
        {
            "ty": 4,
            "nm": "Shape Layer 1",
            "sr": 1,
            "st": 0,
            "op": 960,
            "ip": 0,
            "hd": false,
            "ddd": 0,
            "bm": 0,
            "hasMask": false,
            "ao": 0,
            "ks": {
                "a": {
                    "a": 0,
                    "k": [
                        0.24,
                        6.32,
                        0
                    ]
                },
                "s": {
                    "a": 0,
                    "k": [
                        1000,
                        1000,
                        100
                    ]
                },
                "sk": {
                    "a": 0,
                    "k": 0
                },
                "p": {
                    "a": 1,
                    "k": [
                        {
                            "o": {
                                "x": 0.333,
                                "y": 0
                            },
                            "i": {
                                "x": 0.667,
                                "y": 1
                            },
                            "s": [
                                3,
                                57.296,
                                0
                            ],
                            "t": 81,
                            "ti": [
                                0,
                                1.667,
                                0
                            ],
                            "to": [
                                0,
                                1.5,
                                0
                            ]
                        },
                        {
                            "o": {
                                "x": 0.333,
                                "y": 0
                            },
                            "i": {
                                "x": 0.833,
                                "y": 1
                            },
                            "s": [
                                3,
                                66.296,
                                0
                            ],
                            "t": 92.941,
                            "ti": [
                                0,
                                0,
                                0
                            ],
                            "to": [
                                0,
                                -1.667,
                                0
                            ]
                        },
                        {
                            "o": {
                                "x": 0.333,
                                "y": 0
                            },
                            "i": {
                                "x": 0.667,
                                "y": 1
                            },
                            "s": [
                                3,
                                47.296,
                                0
                            ],
                            "t": 106.209,
                            "ti": [
                                0,
                                0,
                                0
                            ],
                            "to": [
                                0,
                                0,
                                0
                            ]
                        },
                        {
                            "o": {
                                "x": 0.333,
                                "y": 0
                            },
                            "i": {
                                "x": 0.833,
                                "y": 1
                            },
                            "s": [
                                3,
                                66.296,
                                0
                            ],
                            "t": 120.152,
                            "ti": [
                                0,
                                0,
                                0
                            ],
                            "to": [
                                0,
                                0,
                                0
                            ]
                        },
                        {
                            "o": {
                                "x": 0.333,
                                "y": 0
                            },
                            "i": {
                                "x": 0.667,
                                "y": 1
                            },
                            "s": [
                                3,
                                47.296,
                                0
                            ],
                            "t": 133.42,
                            "ti": [
                                0,
                                4.917,
                                0
                            ],
                            "to": [
                                0,
                                0,
                                0
                            ]
                        },
                        {
                            "o": {
                                "x": 0.333,
                                "y": 0
                            },
                            "i": {
                                "x": 0.667,
                                "y": 1
                            },
                            "s": [
                                3,
                                66.296,
                                0
                            ],
                            "t": 147,
                            "ti": [
                                0,
                                8.083,
                                0
                            ],
                            "to": [
                                0,
                                -4.917,
                                0
                            ]
                        },
                        {
                            "s": [
                                3,
                                17.796,
                                0
                            ],
                            "t": 162
                        }
                    ]
                },
                "r": {
                    "a": 0,
                    "k": 0
                },
                "sa": {
                    "a": 0,
                    "k": 0
                },
                "o": {
                    "a": 0,
                    "k": 100
                }
            },
            "ef": [],
            "shapes": [
                {
                    "ty": "gr",
                    "bm": 0,
                    "hd": false,
                    "nm": "Shape 2",
                    "it": [
                        {
                            "ty": "sh",
                            "bm": 0,
                            "hd": false,
                            "nm": "Path 1",
                            "d": 1,
                            "ks": {
                                "a": 0,
                                "k": {
                                    "c": false,
                                    "i": [
                                        [
                                            0,
                                            0
                                        ],
                                        [
                                            0,
                                            0
                                        ],
                                        [
                                            0,
                                            0
                                        ]
                                    ],
                                    "o": [
                                        [
                                            0,
                                            0
                                        ],
                                        [
                                            0,
                                            0
                                        ],
                                        [
                                            0,
                                            0
                                        ]
                                    ],
                                    "v": [
                                        [
                                            -3.341,
                                            5.38
                                        ],
                                        [
                                            0.5,
                                            2.065
                                        ],
                                        [
                                            4.277,
                                            5.444
                                        ]
                                    ]
                                }
                            }
                        },
                        {
                            "ty": "st",
                            "bm": 0,
                            "hd": false,
                            "nm": "Stroke 1",
                            "lc": 2,
                            "lj": 2,
                            "ml": 1,
                            "o": {
                                "a": 0,
                                "k": 100
                            },
                            "w": {
                                "a": 0,
                                "k": 1.6
                            },
                            "c": {
                                "a": 0,
                                "k": [
                                    0.4941,
                                    0.1804,
                                    0.9373
                                ]
                            }
                        },
                        {
                            "ty": "tm",
                            "bm": 0,
                            "hd": false,
                            "nm": "Trim Paths 2",
                            "e": {
                                "a": 1,
                                "k": [
                                    {
                                        "o": {
                                            "x": 0.333,
                                            "y": 0
                                        },
                                        "i": {
                                            "x": 0.667,
                                            "y": 1
                                        },
                                        "s": [
                                            50
                                        ],
                                        "t": 70
                                    },
                                    {
                                        "o": {
                                            "x": 0.333,
                                            "y": 0
                                        },
                                        "i": {
                                            "x": 0.667,
                                            "y": 1
                                        },
                                        "s": [
                                            100
                                        ],
                                        "t": 81
                                    },
                                    {
                                        "o": {
                                            "x": 0.333,
                                            "y": 0
                                        },
                                        "i": {
                                            "x": 0.667,
                                            "y": 1
                                        },
                                        "s": [
                                            100
                                        ],
                                        "t": 149
                                    },
                                    {
                                        "s": [
                                            50
                                        ],
                                        "t": 159
                                    }
                                ]
                            },
                            "o": {
                                "a": 0,
                                "k": 0
                            },
                            "s": {
                                "a": 1,
                                "k": [
                                    {
                                        "o": {
                                            "x": 0.333,
                                            "y": 0
                                        },
                                        "i": {
                                            "x": 0.667,
                                            "y": 1
                                        },
                                        "s": [
                                            50
                                        ],
                                        "t": 70
                                    },
                                    {
                                        "o": {
                                            "x": 0.333,
                                            "y": 0
                                        },
                                        "i": {
                                            "x": 0.667,
                                            "y": 1
                                        },
                                        "s": [
                                            0
                                        ],
                                        "t": 81
                                    },
                                    {
                                        "o": {
                                            "x": 0.333,
                                            "y": 0
                                        },
                                        "i": {
                                            "x": 0.667,
                                            "y": 1
                                        },
                                        "s": [
                                            0
                                        ],
                                        "t": 149
                                    },
                                    {
                                        "s": [
                                            50
                                        ],
                                        "t": 159
                                    }
                                ]
                            },
                            "m": 1
                        },
                        {
                            "ty": "tr",
                            "a": {
                                "a": 0,
                                "k": [
                                    0,
                                    0
                                ]
                            },
                            "s": {
                                "a": 0,
                                "k": [
                                    100,
                                    100
                                ]
                            },
                            "sk": {
                                "a": 0,
                                "k": 0
                            },
                            "p": {
                                "a": 0,
                                "k": [
                                    0,
                                    0
                                ]
                            },
                            "r": {
                                "a": 0,
                                "k": 0
                            },
                            "sa": {
                                "a": 0,
                                "k": 0
                            },
                            "o": {
                                "a": 0,
                                "k": 100
                            }
                        }
                    ]
                },
                {
                    "ty": "gr",
                    "bm": 0,
                    "hd": false,
                    "nm": "Shape 1",
                    "it": [
                        {
                            "ty": "sh",
                            "bm": 0,
                            "hd": false,
                            "nm": "Path 1",
                            "d": 1,
                            "ks": {
                                "a": 0,
                                "k": {
                                    "c": false,
                                    "i": [
                                        [
                                            0,
                                            0
                                        ],
                                        [
                                            0,
                                            0
                                        ]
                                    ],
                                    "o": [
                                        [
                                            0,
                                            -0.08
                                        ],
                                        [
                                            0,
                                            0
                                        ]
                                    ],
                                    "v": [
                                        [
                                            0.5,
                                            2.16
                                        ],
                                        [
                                            0.46,
                                            10.6
                                        ]
                                    ]
                                }
                            }
                        },
                        {
                            "ty": "tm",
                            "bm": 0,
                            "hd": false,
                            "nm": "Trim Paths 1",
                            "e": {
                                "a": 1,
                                "k": [
                                    {
                                        "o": {
                                            "x": 0.333,
                                            "y": 0
                                        },
                                        "i": {
                                            "x": 0.667,
                                            "y": 1
                                        },
                                        "s": [
                                            100
                                        ],
                                        "t": 70
                                    },
                                    {
                                        "o": {
                                            "x": 0.333,
                                            "y": 0
                                        },
                                        "i": {
                                            "x": 0.833,
                                            "y": 1
                                        },
                                        "s": [
                                            100
                                        ],
                                        "t": 162
                                    },
                                    {
                                        "s": [
                                            0
                                        ],
                                        "t": 172
                                    }
                                ]
                            },
                            "o": {
                                "a": 0,
                                "k": 0
                            },
                            "s": {
                                "a": 1,
                                "k": [
                                    {
                                        "o": {
                                            "x": 0.167,
                                            "y": 0
                                        },
                                        "i": {
                                            "x": 0.833,
                                            "y": 1
                                        },
                                        "s": [
                                            100
                                        ],
                                        "t": 59
                                    },
                                    {
                                        "s": [
                                            0
                                        ],
                                        "t": 70
                                    }
                                ]
                            },
                            "m": 1
                        },
                        {
                            "ty": "st",
                            "bm": 0,
                            "hd": false,
                            "nm": "Stroke 1",
                            "lc": 2,
                            "lj": 2,
                            "ml": 1,
                            "o": {
                                "a": 0,
                                "k": 100
                            },
                            "w": {
                                "a": 0,
                                "k": 1.6
                            },
                            "c": {
                                "a": 0,
                                "k": [
                                    0.4941,
                                    0.1804,
                                    0.9373
                                ]
                            }
                        },
                        {
                            "ty": "tr",
                            "a": {
                                "a": 0,
                                "k": [
                                    0,
                                    0
                                ]
                            },
                            "s": {
                                "a": 0,
                                "k": [
                                    100,
                                    100
                                ]
                            },
                            "sk": {
                                "a": 0,
                                "k": 0
                            },
                            "p": {
                                "a": 0,
                                "k": [
                                    0,
                                    0
                                ]
                            },
                            "r": {
                                "a": 0,
                                "k": 0
                            },
                            "sa": {
                                "a": 0,
                                "k": 0
                            },
                            "o": {
                                "a": 0,
                                "k": 100
                            }
                        }
                    ]
                }
            ],
            "ind": 1,
            "parent": 2
        },
        {
            "ty": 3,
            "nm": "deleted_Null 2",
            "sr": 1,
            "st": 0,
            "op": 960,
            "ip": 0,
            "hd": false,
            "ddd": 0,
            "bm": 0,
            "hasMask": false,
            "ao": 0,
            "ks": {
                "a": {
                    "a": 0,
                    "k": [
                        0,
                        0,
                        0
                    ]
                },
                "s": {
                    "a": 0,
                    "k": [
                        100,
                        108.33,
                        100
                    ]
                },
                "sk": {
                    "a": 0,
                    "k": 0
                },
                "p": {
                    "a": 0,
                    "k": [
                        240,
                        260,
                        0
                    ]
                },
                "r": {
                    "a": 0,
                    "k": 0
                },
                "sa": {
                    "a": 0,
                    "k": 0
                },
                "o": {
                    "a": 0,
                    "k": 0
                }
            },
            "ind": 2
        },
        {
            "ty": 4,
            "nm": "101 Outlines",
            "sr": 1,
            "st": 0,
            "op": 960,
            "ip": 0,
            "hd": false,
            "ddd": 0,
            "bm": 0,
            "hasMask": false,
            "ao": 0,
            "ks": {
                "a": {
                    "a": 0,
                    "k": [
                        24,
                        24,
                        0
                    ]
                },
                "s": {
                    "a": 0,
                    "k": [
                        1000,
                        1000,
                        100
                    ]
                },
                "sk": {
                    "a": 0,
                    "k": 0
                },
                "p": {
                    "a": 0,
                    "k": [
                        0,
                        0,
                        0
                    ]
                },
                "r": {
                    "a": 0,
                    "k": 0
                },
                "sa": {
                    "a": 0,
                    "k": 0
                },
                "o": {
                    "a": 0,
                    "k": 100
                }
            },
            "ef": [],
            "shapes": [
                {
                    "ty": "gr",
                    "bm": 0,
                    "hd": false,
                    "nm": "Group 3",
                    "it": [
                        {
                            "ty": "sh",
                            "bm": 0,
                            "hd": false,
                            "nm": "Path 1",
                            "d": 1,
                            "ks": {
                                "a": 0,
                                "k": {
                                    "c": false,
                                    "i": [
                                        [
                                            0,
                                            0
                                        ],
                                        [
                                            -0.07,
                                            0.01
                                        ],
                                        [
                                            0,
                                            4.04
                                        ],
                                        [
                                            4.401,
                                            0
                                        ],
                                        [
                                            0.92,
                                            -0.37
                                        ],
                                        [
                                            3.42,
                                            0
                                        ],
                                        [
                                            0.94,
                                            -4.48
                                        ],
                                        [
                                            0.37,
                                            0
                                        ],
                                        [
                                            0,
                                            -3.31
                                        ],
                                        [
                                            -3.31,
                                            0
                                        ],
                                        [
                                            0,
                                            0
                                        ]
                                    ],
                                    "o": [
                                        [
                                            1.77,
                                            0
                                        ],
                                        [
                                            3.899,
                                            -0.52
                                        ],
                                        [
                                            0,
                                            -4.4
                                        ],
                                        [
                                            -1.059,
                                            0
                                        ],
                                        [
                                            -1.771,
                                            -2.65
                                        ],
                                        [
                                            -4.76,
                                            0
                                        ],
                                        [
                                            -0.35,
                                            -0.06
                                        ],
                                        [
                                            -3.31,
                                            0
                                        ],
                                        [
                                            0,
                                            3.31
                                        ],
                                        [
                                            0,
                                            0
                                        ],
                                        [
                                            0,
                                            0
                                        ]
                                    ],
                                    "v": [
                                        [
                                            8.045,
                                            9.88
                                        ],
                                        [
                                            11.045,
                                            9.87
                                        ],
                                        [
                                            17.955,
                                            1.9
                                        ],
                                        [
                                            9.984,
                                            -6.07
                                        ],
                                        [
                                            7.005,
                                            -5.49
                                        ],
                                        [
                                            -1.205,
                                            -9.88
                                        ],
                                        [
                                            -10.875,
                                            -2.03
                                        ],
                                        [
                                            -11.955,
                                            -2.13
                                        ],
                                        [
                                            -17.955,
                                            3.87
                                        ],
                                        [
                                            -11.955,
                                            9.87
                                        ],
                                        [
                                            -7.955,
                                            9.87
                                        ]
                                    ]
                                }
                            }
                        },
                        {
                            "ty": "st",
                            "bm": 0,
                            "hd": false,
                            "nm": "Stroke 1",
                            "lc": 2,
                            "lj": 2,
                            "ml": 1,
                            "o": {
                                "a": 0,
                                "k": 100
                            },
                            "w": {
                                "a": 0,
                                "k": 1.6
                            },
                            "c": {
                                "a": 0,
                                "k": [
                                    0.4941,
                                    0.1804,
                                    0.9373
                                ]
                            }
                        },
                        {
                            "ty": "tr",
                            "a": {
                                "a": 0,
                                "k": [
                                    0,
                                    0
                                ]
                            },
                            "s": {
                                "a": 0,
                                "k": [
                                    100,
                                    100
                                ]
                            },
                            "sk": {
                                "a": 0,
                                "k": 0
                            },
                            "p": {
                                "a": 0,
                                "k": [
                                    24.424,
                                    19.645
                                ]
                            },
                            "r": {
                                "a": 0,
                                "k": 0
                            },
                            "sa": {
                                "a": 0,
                                "k": 0
                            },
                            "o": {
                                "a": 0,
                                "k": 100
                            }
                        }
                    ]
                }
            ],
            "ind": 3,
            "parent": 2
        },
        {
            "ty": 4,
            "nm": "101 Outlines 2",
            "sr": 1,
            "st": 0,
            "op": 187,
            "ip": 0,
            "hd": false,
            "ddd": 0,
            "bm": 0,
            "hasMask": false,
            "ao": 0,
            "ks": {
                "a": {
                    "a": 0,
                    "k": [
                        24.5,
                        29.5,
                        0
                    ]
                },
                "s": {
                    "a": 0,
                    "k": [
                        1000,
                        1000,
                        100
                    ]
                },
                "sk": {
                    "a": 0,
                    "k": 0
                },
                "p": {
                    "a": 0,
                    "k": [
                        5,
                        55,
                        0
                    ]
                },
                "r": {
                    "a": 1,
                    "k": [
                        {
                            "o": {
                                "x": 0.333,
                                "y": 0
                            },
                            "i": {
                                "x": 0.667,
                                "y": 1
                            },
                            "s": [
                                0
                            ],
                            "t": 0
                        },
                        {
                            "s": [
                                -360
                            ],
                            "t": 59
                        }
                    ]
                },
                "sa": {
                    "a": 0,
                    "k": 0
                },
                "o": {
                    "a": 0,
                    "k": 100
                }
            },
            "ef": [],
            "shapes": [
                {
                    "ty": "gr",
                    "bm": 0,
                    "hd": false,
                    "nm": "Group 1",
                    "it": [
                        {
                            "ty": "sh",
                            "bm": 0,
                            "hd": false,
                            "nm": "Path 1",
                            "d": 1,
                            "ks": {
                                "a": 0,
                                "k": {
                                    "c": false,
                                    "i": [
                                        [
                                            0,
                                            0
                                        ],
                                        [
                                            0,
                                            0
                                        ],
                                        [
                                            0,
                                            0
                                        ]
                                    ],
                                    "o": [
                                        [
                                            0,
                                            0
                                        ],
                                        [
                                            0,
                                            0
                                        ],
                                        [
                                            0,
                                            0
                                        ]
                                    ],
                                    "v": [
                                        [
                                            1.631,
                                            -2.779
                                        ],
                                        [
                                            -1.369,
                                            0.221
                                        ],
                                        [
                                            1.631,
                                            3.221
                                        ]
                                    ]
                                }
                            }
                        },
                        {
                            "ty": "tm",
                            "bm": 0,
                            "hd": false,
                            "nm": "Trim Paths 1",
                            "e": {
                                "a": 1,
                                "k": [
                                    {
                                        "o": {
                                            "x": 0.167,
                                            "y": 0.167
                                        },
                                        "i": {
                                            "x": 0.667,
                                            "y": 1
                                        },
                                        "s": [
                                            0
                                        ],
                                        "t": 59
                                    },
                                    {
                                        "o": {
                                            "x": 0.333,
                                            "y": 0
                                        },
                                        "i": {
                                            "x": 0.667,
                                            "y": 1
                                        },
                                        "s": [
                                            50
                                        ],
                                        "t": 75
                                    },
                                    {
                                        "o": {
                                            "x": 0.333,
                                            "y": 0
                                        },
                                        "i": {
                                            "x": 0.667,
                                            "y": 1
                                        },
                                        "s": [
                                            50
                                        ],
                                        "t": 162
                                    },
                                    {
                                        "s": [
                                            0
                                        ],
                                        "t": 172
                                    }
                                ]
                            },
                            "o": {
                                "a": 0,
                                "k": 0
                            },
                            "s": {
                                "a": 1,
                                "k": [
                                    {
                                        "o": {
                                            "x": 0.167,
                                            "y": 0.167
                                        },
                                        "i": {
                                            "x": 0.667,
                                            "y": 1
                                        },
                                        "s": [
                                            100
                                        ],
                                        "t": 59
                                    },
                                    {
                                        "o": {
                                            "x": 0.333,
                                            "y": 0
                                        },
                                        "i": {
                                            "x": 0.667,
                                            "y": 1
                                        },
                                        "s": [
                                            50
                                        ],
                                        "t": 75
                                    },
                                    {
                                        "o": {
                                            "x": 0.333,
                                            "y": 0
                                        },
                                        "i": {
                                            "x": 0.667,
                                            "y": 1
                                        },
                                        "s": [
                                            50
                                        ],
                                        "t": 162
                                    },
                                    {
                                        "s": [
                                            100
                                        ],
                                        "t": 172
                                    }
                                ]
                            },
                            "m": 1
                        },
                        {
                            "ty": "st",
                            "bm": 0,
                            "hd": false,
                            "nm": "Stroke 1",
                            "lc": 2,
                            "lj": 2,
                            "ml": 1,
                            "o": {
                                "a": 0,
                                "k": 100
                            },
                            "w": {
                                "a": 0,
                                "k": 1.6
                            },
                            "c": {
                                "a": 0,
                                "k": [
                                    0.4941,
                                    0.1804,
                                    0.9373
                                ]
                            }
                        },
                        {
                            "ty": "tr",
                            "a": {
                                "a": 0,
                                "k": [
                                    0,
                                    0
                                ]
                            },
                            "s": {
                                "a": 0,
                                "k": [
                                    100,
                                    100
                                ]
                            },
                            "sk": {
                                "a": 0,
                                "k": 0
                            },
                            "p": {
                                "a": 0,
                                "k": [
                                    25.969,
                                    21.516
                                ]
                            },
                            "r": {
                                "a": 0,
                                "k": 10
                            },
                            "sa": {
                                "a": 0,
                                "k": 0
                            },
                            "o": {
                                "a": 0,
                                "k": 100
                            }
                        }
                    ]
                },
                {
                    "ty": "gr",
                    "bm": 0,
                    "hd": false,
                    "nm": "Group 2",
                    "it": [
                        {
                            "ty": "sh",
                            "bm": 0,
                            "hd": false,
                            "nm": "Path 1",
                            "d": 1,
                            "ks": {
                                "a": 0,
                                "k": {
                                    "c": false,
                                    "i": [
                                        [
                                            0,
                                            0
                                        ],
                                        [
                                            -1.39,
                                            -1.18
                                        ],
                                        [
                                            0,
                                            -2.44
                                        ],
                                        [
                                            4.42,
                                            0
                                        ],
                                        [
                                            0,
                                            4.42
                                        ],
                                        [
                                            -1.73,
                                            1.46
                                        ],
                                        [
                                            -3.313,
                                            0.062
                                        ]
                                    ],
                                    "o": [
                                        [
                                            1.979,
                                            0
                                        ],
                                        [
                                            1.73,
                                            1.47
                                        ],
                                        [
                                            0,
                                            4.42
                                        ],
                                        [
                                            -4.42,
                                            0
                                        ],
                                        [
                                            0,
                                            -2.45
                                        ],
                                        [
                                            0,
                                            0
                                        ],
                                        [
                                            0,
                                            0
                                        ]
                                    ],
                                    "v": [
                                        [
                                            0,
                                            -8
                                        ],
                                        [
                                            5.18,
                                            -6.1
                                        ],
                                        [
                                            8,
                                            0
                                        ],
                                        [
                                            0,
                                            8
                                        ],
                                        [
                                            -8,
                                            0
                                        ],
                                        [
                                            -5.17,
                                            -6.1
                                        ],
                                        [
                                            -0.019,
                                            -8.003
                                        ]
                                    ]
                                }
                            }
                        },
                        {
                            "ty": "tm",
                            "bm": 0,
                            "hd": false,
                            "nm": "Trim Paths 1",
                            "e": {
                                "a": 0,
                                "k": 100
                            },
                            "o": {
                                "a": 0,
                                "k": -44
                            },
                            "s": {
                                "a": 1,
                                "k": [
                                    {
                                        "o": {
                                            "x": 0.167,
                                            "y": 0.167
                                        },
                                        "i": {
                                            "x": 0.667,
                                            "y": 1
                                        },
                                        "s": [
                                            13
                                        ],
                                        "t": 59
                                    },
                                    {
                                        "o": {
                                            "x": 0.333,
                                            "y": 0
                                        },
                                        "i": {
                                            "x": 0.667,
                                            "y": 1
                                        },
                                        "s": [
                                            0
                                        ],
                                        "t": 75
                                    },
                                    {
                                        "o": {
                                            "x": 0.333,
                                            "y": 0
                                        },
                                        "i": {
                                            "x": 0.667,
                                            "y": 1
                                        },
                                        "s": [
                                            0
                                        ],
                                        "t": 162
                                    },
                                    {
                                        "s": [
                                            13
                                        ],
                                        "t": 172
                                    }
                                ]
                            },
                            "m": 1
                        },
                        {
                            "ty": "st",
                            "bm": 0,
                            "hd": false,
                            "nm": "Stroke 1",
                            "lc": 2,
                            "lj": 2,
                            "ml": 1,
                            "o": {
                                "a": 0,
                                "k": 100
                            },
                            "w": {
                                "a": 0,
                                "k": 1.6
                            },
                            "c": {
                                "a": 0,
                                "k": [
                                    0.4941,
                                    0.1804,
                                    0.9373
                                ]
                            }
                        },
                        {
                            "ty": "tr",
                            "a": {
                                "a": 0,
                                "k": [
                                    0,
                                    0
                                ]
                            },
                            "s": {
                                "a": 0,
                                "k": [
                                    100,
                                    100
                                ]
                            },
                            "sk": {
                                "a": 0,
                                "k": 0
                            },
                            "p": {
                                "a": 0,
                                "k": [
                                    24.469,
                                    29.516
                                ]
                            },
                            "r": {
                                "a": 0,
                                "k": 0
                            },
                            "sa": {
                                "a": 0,
                                "k": 0
                            },
                            "o": {
                                "a": 0,
                                "k": 100
                            }
                        }
                    ]
                }
            ],
            "ind": 4,
            "parent": 2
        }
    ],
    "v": "5.6.8",
    "fr": 30,
    "op": 172,
    "ip": 0,
    "assets": []
}